"-3db Bandwidth","Amplifier Type","Comment","ComponentLink1Description","ComponentLink1URL","ComponentLink2Description","ComponentLink2URL","ComponentLink3Description","ComponentLink3URL","ComponentLink4Description","ComponentLink4URL","ComponentLink5Description","ComponentLink5URL","ComponentLink6Description","ComponentLink6URL","Current - Input Bias","Current - Output / Channel","Current - Supply","Description","Device Package","Footprint Path","Footprint Path 2","Footprint Path 3","Footprint Ref","Footprint Ref 2","Footprint Ref 3","Gain Bandwidth Product","LastUpdated","Lifecycle Status","Manufacturer","Part Number","Minimum Order","Mounting Type","Number of Circuits","Operating Temperature","Output Type","Package / Case","Packaging","PartId","Part Status","Price","Series","Slew Rate","Supplier 1","Supplier Part Number 1","Supplier 2","Supplier Part Number 2","Supplier 3","Supplier Part Number 3","Supplier 4","Supplier Part Number 4","Supplier 5","Supplier Part Number 5","Supplier 6","Supplier Part Number 6","Supplier Device Package","Library Path","Library Ref","Type","Value","Voltage - Input Offset","Voltage - Supply, Single/Dual (±)"
"320MHz",Voltage Feedback,=Part Number,Datasheet,https://www.analog.com/media/en/technical-documentation/data-sheets/AD8061_8062_8063.pdf,DigiKey Link,//digikey.com/product-detail/en/analog-devices-inc/AD8061ARTZ-REEL7/AD8061ARTZ-REEL7TR-ND/620697,"","","","","","","","","3.5µA","50mA","6.8mA",IC OPAMP VFB 1 CIRCUIT SOT23-5,"SC-74A, SOT-753",footprints/Leaded - SOT-23/PCB - LEADED - SOT-23 - ANALOG SOT-23-5 RJ-5.PCBLIB,"","",ANALOG SOT-23-5 RJ-5,"","","","2019-12-04 13:13:26.617000","0",Analog Devices Inc.,AD8061ARTZ-REEL7,"1",Surface Mount,"1",-40°C ~ 85°C,Rail-to-Rail,"SC-74A, SOT-753",TapeAndReel,"1",Active,"1.05",-,"650V/µs",DigiKey,AD8061ARTZ-REEL7TR-ND,"","","","","","","","","","",SOT-23-5,symbols/Opamp/SCH - OPAMP - ANALOG DEV AD8061ARTZ.SCHLIB,ANALOG DEV AD8061ARTZ,"","","1mV","2.7V ~ 8V, ±1.35V ~ 4V"
"250kHz",Current Sense,=Part Number,Datasheet,https://www.analog.com/media/en/technical-documentation/data-sheets/AD8418.pdf,DigiKey Link,//digikey.com/product-detail/en/analog-devices-inc/AD8418WBRZ-RL/AD8418WBRZ-RLTR-ND/4901149,"","","","","","","","","","","2.6mA",IC CURR SENSE 1 CIRCUIT 8SOIC,"8-SOIC (0.154, 3.90mm Width)",footprints/Leaded - SOIC/PCB - LEADED - SOIC - ANALOG DEV SOIC-8 R8.PCBLIB,"","",ANALOG DEV SOIC-8 R8,"","","","2019-12-04 13:14:45.327000","0",Analog Devices Inc.,AD8418WBRZ-RL,"1",Surface Mount,"1",-40°C ~ 125°C,"","8-SOIC (0.154, 3.90mm Width)",TapeAndReel,"2",Active,"1.44",Automotive,"1V/µs",DigiKey,AD8418WBRZ-RLTR-ND,"","","","","","","","","","","8-SOIC",symbols/Opamp/SCH - OPAMP - ANALOG DEV AD8418WBRZ.SCHLIB,ANALOG DEV AD8418WBRZ,"","","200µV","2.7V ~ 5.5V"
"",General Purpose,=Part Number,Datasheet,https://www.analog.com/media/en/technical-documentation/data-sheets/AD8615_8616_8618.pdf,DigiKey Link,//digikey.com/product-detail/en/analog-devices-inc/AD8615AUJZ-REEL7/AD8615AUJZ-REEL7TR-ND/951437,"","","","","","","","","0.2pA","150mA","1.7mA",IC OPAMP GP 1 CIRCUIT TSOT23-5,"SOT-23-5 Thin, TSOT-23-5",footprints/Leaded - SOT-23/PCB - LEADED - SOT-23 - ANALOG TSOT-23-5 UJ-5.PCBLIB,"","",ANALOG TSOT-23-5 UJ-5,"","","24MHz","2019-12-04 15:27:03.693000","0",Analog Devices Inc.,AD8615AUJZ-REEL7,"1",Surface Mount,"1",-40°C ~ 125°C,Rail-to-Rail,"SOT-23-5 Thin, TSOT-23-5",TapeAndReel,"3",Active,"1.06",DigiTrim®,"12V/µs",DigiKey,AD8615AUJZ-REEL7TR-ND,"","","","","","","","","","",TSOT-23-5,symbols/Opamp/SCH - OPAMP - ANALOG DEV AD8615AUJZ.SCHLIB,ANALOG DEV AD8615AUJZ,"","","23µV","2.7V ~ 5.5V, ±1.35V ~ 2.75V"
"",General Purpose,=Part Number,Datasheet,http://www.ti.com/general/docs/suppproductinfo.tsp?distId=10&gotoUrl=http%3A%2F%2Fwww.ti.com%2Flit%2Fgpn%2Flm258a,DigiKey Link,http://digikey.com/product-detail/en/texas-instruments/LM2904DR/296-14596-1-ND/555533,"","","","","","","","","20nA","30mA","1mA",IC OPAMP GP 2 CIRCUIT 8SOIC,"8-SOIC (0.154, 3.90mm Width)",footprints/Leaded - SOIC/PCB - LEADED - SOIC - TI SOIC-8 D.PCBLIB,"","",TI SOIC-8 D,"","","700kHz","2020-01-09 02:06:28.483000",Active,Texas Instruments,LM2904DR,"1",Surface Mount,"2",-40°C ~ 125°C,"","8-SOIC (0.154, 3.90mm Width)",ReReel,"4",Active,"0.00",-,"0.3V/µs",DigiKey,"296-14596-1-ND","","","","","","","","","","","8-SOIC",symbols/Opamp/SCH - OPAMP - TI LM2904DR.SCHLIB,TI LM2904DR,"","","3mV","3V ~ 26V, ±1.5V ~ 13V"
"",General Purpose,=Part Number,Datasheet,https://www.analog.com/media/en/technical-documentation/data-sheets/AD8615_8616_8618.pdf,DigiKey Link,//digikey.com/product-detail/en/analog-devices-inc/AD8615AUJZ-REEL/AD8615AUJZ-REELTR-ND/993826,"","","","","","","","","0.2pA","150mA","1.7mA",IC OPAMP GP 1 CIRCUIT TSOT23-5,"SOT-23-5 Thin, TSOT-23-5",footprints/Leaded - SOT-23/PCB - LEADED - SOT-23 - ANALOG TSOT-23-5 UJ-5.PCBLIB,"","",ANALOG TSOT-23-5 UJ-5,"","","24MHz","2019-12-09 02:06:44.393000","0",Analog Devices Inc.,AD8615AUJZ-REEL,"1",Surface Mount,"1",-40°C ~ 125°C,Rail-to-Rail,"SOT-23-5 Thin, TSOT-23-5",TapeAndReel,"5",Active,"1.06",DigiTrim®,"12V/µs",DigiKey,AD8615AUJZ-REELTR-ND,"","","","","","","","","","",TSOT-23-5,symbols/Opamp/SCH - OPAMP - ANALOG DEV AD8615AUJZ.SCHLIB,ANALOG DEV AD8615AUJZ,"","","23µV","2.7V ~ 5.5V, ±1.35V ~ 2.75V"
"",General Purpose,=Part Number,Datasheet,https://www.analog.com/media/en/technical-documentation/data-sheets/AD8541_8542_8544.pdf,DigiKey Link,http://digikey.com/product-detail/en/analog-devices-inc/AD8542ARZ-REEL/AD8542ARZ-REELCT-ND/4906335,"","","","","","","","","4pA","30mA","45µA",IC OPAMP GP 2 CIRCUIT 8SOIC,"8-SOIC (0.154, 3.90mm Width)",footprints/Leaded - SOIC/PCB - LEADED - SOIC - ANALOG DEV SOIC-8 R8.PCBLIB,"","",ANALOG DEV SOIC-8 R8,"","","1MHz","2020-01-08 23:28:26.330000",Active,Analog Devices Inc.,AD8542ARZ-REEL,"1",Surface Mount,"2",-40°C ~ 125°C,Rail-to-Rail,"8-SOIC (0.154, 3.90mm Width)",ReReel,"6",Active,"0.00",-,"0.92V/µs",DigiKey,AD8542ARZ-REELCT-ND,"","","","","","","","","","","8-SOIC",symbols/Opamp/SCH - OPAMP - ANALOG DEV AD8542.SCHLIB,ANALOG DEV AD8542,"","","1mV","2.7V ~ 5.5V"
"",General Purpose,=Part Number,Datasheet,https://www.analog.com/media/en/technical-documentation/data-sheets/AD8541_8542_8544.pdf,DigiKey Link,http://digikey.com/product-detail/en/analog-devices-inc/AD8542ARMZ-REEL/AD8542ARMZ-REELCT-ND/1957825,"","","","","","","","","4pA","30mA","45µA",IC OPAMP GP 2 CIRCUIT 8MSOP,"8-TSSOP, 8-MSOP (0.118, 3.00mm Width)",footprints/Leaded - SOP/PCB - LEADED - SOP - ANALOG MSOP-8 RM-8.PCBLIB,"","",ANALOG MSOP-8 RM-8,"","","1MHz","2020-01-08 23:28:43.780000",Active,Analog Devices Inc.,AD8542ARMZ-REEL,"1",Surface Mount,"2",-40°C ~ 125°C,Rail-to-Rail,"8-TSSOP, 8-MSOP (0.118, 3.00mm Width)",ReReel,"7",Active,"0.00",-,"0.92V/µs",DigiKey,AD8542ARMZ-REELCT-ND,"","","","","","","","","","","8-MSOP",symbols/Opamp/SCH - OPAMP - ANALOG DEV AD8542.SCHLIB,ANALOG DEV AD8542,"","","1mV","2.7V ~ 5.5V"
"",General Purpose,=Part Number,Datasheet,https://www.analog.com/media/en/technical-documentation/data-sheets/AD8541_8542_8544.pdf,DigiKey Link,http://digikey.com/product-detail/en/analog-devices-inc/AD8542ARUZ-REEL/AD8542ARUZ-REELCT-ND/3771170,"","","","","","","","","4pA","30mA","45µA",IC OPAMP GP 2 CIRCUIT 8TSSOP,"8-TSSOP (0.173, 4.40mm Width)",footprints/Leaded - SOP/PCB - LEADED - SOP - ANALOG TSSOP-8 RU-8.PCBLIB,"","",ANALOG TSSOP-8 RU-8,"","","1MHz","2020-01-08 23:37:05.780000",Active,Analog Devices Inc.,AD8542ARUZ-REEL,"1",Surface Mount,"2",-40°C ~ 125°C,Rail-to-Rail,"8-TSSOP (0.173, 4.40mm Width)",ReReel,"8",Active,"0.00",-,"0.92V/µs",DigiKey,AD8542ARUZ-REELCT-ND,"","","","","","","","","","","8-TSSOP",symbols/Opamp/SCH - OPAMP - ANALOG DEV AD8542.SCHLIB,ANALOG DEV AD8542,"","","1mV","2.7V ~ 5.5V"
"",General Purpose,=Part Number,Datasheet,https://www.analog.com/media/en/technical-documentation/data-sheets/AD8541_8542_8544.pdf,DigiKey Link,http://digikey.com/product-detail/en/analog-devices-inc/AD8541ARTZ-REEL7/AD8541ARTZ-REEL7CT-ND/813416,"","","","","","","","","4pA","30mA","45µA",IC OPAMP GP 1 CIRCUIT SOT23-5,"SC-74A, SOT-753",footprints/Leaded - SOT-23/PCB - LEADED - SOT-23 - ANALOG SOT-23-5 RJ-5.PCBLIB,"","",ANALOG SOT-23-5 RJ-5,"","","1MHz","2020-01-08 23:39:15.240000",Active,Analog Devices Inc.,AD8541ARTZ-REEL7,"1",Surface Mount,"1",-40°C ~ 125°C,Rail-to-Rail,"SC-74A, SOT-753",ReReel,"9",Active,"0.00",-,"0.92V/µs",DigiKey,AD8541ARTZ-REEL7CT-ND,"","","","","","","","","","",SOT-23-5,symbols/Opamp/SCH - OPAMP - ANALOG DEV AD8541 KS-RJ.SCHLIB,ANALOG DEV AD8541 KS-RJ,"","","1mV","2.7V ~ 5.5V"
"",General Purpose,=Part Number,Datasheet,https://www.analog.com/media/en/technical-documentation/data-sheets/AD8541_8542_8544.pdf,DigiKey Link,http://digikey.com/product-detail/en/analog-devices-inc/AD8541ARZ-REEL/AD8541ARZ-REELCT-ND/4907211,"","","","","","","","","4pA","30mA","45µA",IC OPAMP GP 1 CIRCUIT 8SOIC,"8-SOIC (0.154, 3.90mm Width)",footprints/Leaded - SOIC/PCB - LEADED - SOIC - ANALOG DEV SOIC-8 R8.PCBLIB,"","",ANALOG DEV SOIC-8 R8,"","","1MHz","2020-01-09 00:52:27.870000",Active,Analog Devices Inc.,AD8541ARZ-REEL,"1",Surface Mount,"1",-40°C ~ 125°C,Rail-to-Rail,"8-SOIC (0.154, 3.90mm Width)",ReReel,"10",Active,"0.00",-,"0.92V/µs",DigiKey,AD8541ARZ-REELCT-ND,"","","","","","","","","","","8-SOIC",symbols/Opamp/SCH - OPAMP - ANALOG DEV AD8541 R.SCHLIB,ANALOG DEV AD8541 R,"","","1mV","2.7V ~ 5.5V"
"",General Purpose,=Part Number,Datasheet,http://www.ti.com/general/docs/suppproductinfo.tsp?distId=10&gotoUrl=http%3A%2F%2Fwww.ti.com%2Flit%2Fgpn%2Flm321,DigiKey Link,http://digikey.com/product-detail/en/texas-instruments/LM321MFX-NOPB/LM321MFX-NOPBCT-ND/3440175,"","","","","","","","","45nA","40mA","660µA",IC OPAMP GP 1 CIRCUIT SOT23-5,"SC-74A, SOT-753",footprints/Leaded - SOT-23/PCB - LEADED - SOT-23 - TI SOT-23-5 DBV.PCBLIB,"","",TI SOT-23-5 DBV,"","","1MHz","2020-03-30 15:10:58.873000",Active,Texas Instruments,LM321MFX/NOPB,"1",Surface Mount,"1",-40°C ~ 85°C,"","SC-74A, SOT-753",TapeAndReel,"11",Active,"0.23",-,"0.4V/µs",DigiKey,LM321MFX/NOPBCT-ND,"","","","","","","","","","",SOT-23-5,symbols/Opamp/SCH - OPAMP - TI LM321.SCHLIB,TI LM321,"","","2mV","3V ~ 30V, ±1.5V ~ 15V"
"",General Purpose,=Part Number,Datasheet,http://www.ti.com/general/docs/suppproductinfo.tsp?distId=10&gotoUrl=http%3A%2F%2Fwww.ti.com%2Flit%2Fgpn%2Flm321,DigiKey Link,http://digikey.com/product-detail/en/texas-instruments/LM321MF-NOPB/LM321MF-NOPBCT-ND/638699,"","","","","","","","","45nA","40mA","660µA",IC OPAMP GP 1 CIRCUIT SOT23-5,"SC-74A, SOT-753",footprints/Leaded - SOT-23/PCB - LEADED - SOT-23 - TI SOT-23-5 DBV.PCBLIB,"","",TI SOT-23-5 DBV,"","","1MHz","2020-01-09 02:04:15.220000",Active,Texas Instruments,LM321MF/NOPB,"1",Surface Mount,"1",-40°C ~ 85°C,"","SC-74A, SOT-753",ReReel,"12",Active,"0.00",-,"0.4V/µs",DigiKey,LM321MF/NOPBCT-ND,"","","","","","","","","","",SOT-23-5,symbols/Opamp/SCH - OPAMP - TI LM321.SCHLIB,TI LM321,"","","2mV","3V ~ 30V, ±1.5V ~ 15V"
"",General Purpose,=Part Number,Datasheet,http://www.ti.com/general/docs/suppproductinfo.tsp?distId=10&gotoUrl=http%3A%2F%2Fwww.ti.com%2Flit%2Fgpn%2Flm321lv,DigiKey Link,http://digikey.com/product-detail/en/texas-instruments/LM321LVIDCKR/296-53426-1-ND/9954144,"","","","","","","","","15pA","40mA","90µA",IC OPAMP GP 1 CIRCUIT SC70-5,"5-TSSOP, SC-70-5, SOT-353",footprints/Leaded - SOT/PCB - LEADED - SOT - TI SC70-6 DCK.PCBLIB,"","",TI SC70-6 DCK,"","","1MHz","2020-01-09 02:04:37.970000",Active,Texas Instruments,LM321LVIDCKR,"1",Surface Mount,"1",-40°C ~ 125°C (TA),"","5-TSSOP, SC-70-5, SOT-353",ReReel,"13",Active,"0.00",-,"1.5V/µs",DigiKey,"296-53426-1-ND","","","","","","","","","","",SC-70-5,symbols/Opamp/SCH - OPAMP - TI LM321.SCHLIB,TI LM321,"","","","2.7V, ±1.35V ~ 5.5V, ±2.75V"
"",General Purpose,=Part Number,Datasheet,http://www.ti.com/general/docs/suppproductinfo.tsp?distId=10&gotoUrl=http%3A%2F%2Fwww.ti.com%2Flit%2Fgpn%2Flm258a,DigiKey Link,http://digikey.com/product-detail/en/texas-instruments/LM2904DRG3/296-27464-1-ND/2297366,"","","","","","","","","20nA","30mA","1mA",IC OPAMP GP 2 CIRCUIT 8SOIC,"8-SOIC (0.154, 3.90mm Width)",footprints/Leaded - SOIC/PCB - LEADED - SOIC - TI SOIC-8 D.PCBLIB,"","",TI SOIC-8 D,"","","700kHz","2020-01-09 02:06:05.923000",Active,Texas Instruments,LM2904DRG3,"1",Surface Mount,"2",-40°C ~ 125°C,"","8-SOIC (0.154, 3.90mm Width)",ReReel,"14",Active,"0.00",-,"0.3V/µs",DigiKey,"296-27464-1-ND","","","","","","","","","","","8-SOIC",symbols/Opamp/SCH - OPAMP - TI LM2904DR.SCHLIB,TI LM2904DR,"","","3mV","3V ~ 26V, ±1.5V ~ 13V"
"",General Purpose,=Part Number,Datasheet,http://www.onsemi.com/pub/Collateral/LM358-D.PDF,DigiKey Link,http://digikey.com/product-detail/en/on-semiconductor/LM2904DR2G/LM2904DR2GOSCT-ND/917932,"","","","","","","","","45nA","40mA","1.5mA",IC OPAMP GP 2 CIRCUIT 8SOIC,"8-SOIC (0.154, 3.90mm Width)",footprints/Leaded - SOIC/PCB - LEADED - SOIC - TI SOIC-8 D.PCBLIB,"","",TI SOIC-8 D,"","","1MHz","2020-01-09 02:06:42.170000",Active,ON Semiconductor,LM2904DR2G,"1",Surface Mount,"2",-40°C ~ 105°C,"","8-SOIC (0.154, 3.90mm Width)",ReReel,"15",Active,"0.00",-,"0.6V/µs",DigiKey,LM2904DR2GOSCT-ND,"","","","","","","","","","","8-SOIC",symbols/Opamp/SCH - OPAMP - TI LM2904DR.SCHLIB,TI LM2904DR,"","","2mV","3V ~ 32V, ±1.5V ~ 16V"
"",General Purpose,=Part Number,Datasheet,http://www.ti.com/general/docs/suppproductinfo.tsp?distId=10&gotoUrl=http%3A%2F%2Fwww.ti.com%2Flit%2Fgpn%2Flm258a,DigiKey Link,http://digikey.com/product-detail/en/texas-instruments/LM2904DRG4/296-39004-1-ND/5143065,"","","","","","","","","20nA","","1mA",IC OPAMP GP 2 CIRCUIT 8SOIC,"8-SOIC (0.154, 3.90mm Width)",footprints/Leaded - SOIC/PCB - LEADED - SOIC - TI SOIC-8 D.PCBLIB,"","",TI SOIC-8 D,"","","700kHz","2020-01-09 02:06:55.903000",Active,Texas Instruments,LM2904DRG4,"1",Surface Mount,"2",-40°C ~ 125°C,"","8-SOIC (0.154, 3.90mm Width)",ReReel,"16",Active,"0.00",-,"0.3V/µs",DigiKey,"296-39004-1-ND","","","","","","","","","","","8-SOIC",symbols/Opamp/SCH - OPAMP - TI LM2904DR.SCHLIB,TI LM2904DR,"","","3mV","3V ~ 26V, ±1.5V ~ 13V"
"",General Purpose,=Part Number,Datasheet,http://www.ti.com/general/docs/suppproductinfo.tsp?distId=10&gotoUrl=http%3A%2F%2Fwww.ti.com%2Flit%2Fgpn%2Flmv821-n,DigiKey Link,http://digikey.com/product-detail/en/texas-instruments/LMV824MT-NOPB/LMV824MT-NOPB-ND/364412,"","","","","","","","","100nA","","1mA",IC OPAMP GP 4 CIRCUIT 14TSSOP,"14-TSSOP (0.173, 4.40mm Width)",footprints/Leaded - SOP/PCB - LEADED - SOP - TI TSSOP-14 PW.pcblib,"","",TI TSSOP-14 PW,"","","5.6MHz","2020-01-09 02:10:24.020000",Active,Texas Instruments,LMV824MT/NOPB,"1",Surface Mount,"4",-40°C ~ 85°C,Rail-to-Rail,"14-TSSOP (0.173, 4.40mm Width)",Tube,"17",Active,"1.77",-,"2V/µs",DigiKey,LMV824MT/NOPB-ND,"","","","","","","","","","","14-TSSOP",symbols/Opamp/SCH - OPAMP - TI LMV82x 14 PIN.SCHLIB,TI LMV82x 14 PIN,"","","3.5mV","2.5V ~ 5.5V, ±1.25V ~ 2.75V"
"",General Purpose,=Part Number,Datasheet,http://www.st.com/content/ccc/resource/technical/document/datasheet/39/12/97/14/01/a7/4f/de/DM00041851.pdf/files/DM00041851.pdf/jcr:content/translations/en.DM00041851.pdf,DigiKey Link,http://digikey.com/product-detail/en/stmicroelectronics/LMV824IYPT/497-13675-1-ND/4037656,"","","","","","","","","60nA","70mA","300µA",IC OPAMP GP 4 CIRCUIT 14TSSOP,"14-TSSOP (0.173, 4.40mm Width)",footprints/Leaded - SOP/PCB - LEADED - SOP - TI TSSOP-14 PW.pcblib,"","",TI TSSOP-14 PW,"","","5.5MHz","2020-01-09 02:12:17.453000",Active,STMicroelectronics,LMV824IYPT,"1",Surface Mount,"4",-40°C ~ 125°C,Rail-to-Rail,"14-TSSOP (0.173, 4.40mm Width)",CutTape,"18",Active,"0.00","Automotive, AEC-Q100","1.9V/µs",DigiKey,"497-13675-1-ND","","","","","","","","","","","14-TSSOP",symbols/Opamp/SCH - OPAMP - TI LMV82x 14 PIN.SCHLIB,TI LMV82x 14 PIN,"","","800µV","2.5V ~ 5.5V"
"",General Purpose,=Part Number,Datasheet,http://www.ti.com/general/docs/suppproductinfo.tsp?distId=10&gotoUrl=http%3A%2F%2Fwww.ti.com%2Flit%2Fgpn%2Flmv824-n-q1,DigiKey Link,http://digikey.com/product-detail/en/texas-instruments/LMV824Q1MTX-NOPB/296-37313-1-ND/4756196,"","","","","","","","","40nA","","1mA",IC OPAMP GP 4 CIRCUIT 14TSSOP,"14-TSSOP (0.173, 4.40mm Width)",footprints/Leaded - SOP/PCB - LEADED - SOP - TI TSSOP-14 PW.pcblib,"","",TI TSSOP-14 PW,"","","5.6MHz","2020-01-09 02:12:57.457000",Active,Texas Instruments,LMV824Q1MTX/NOPB,"1",Surface Mount,"4",-40°C ~ 125°C,Rail-to-Rail,"14-TSSOP (0.173, 4.40mm Width)",TapeAndReel,"19",Active,"0.77",-,"1.4V/µs",DigiKey,"296-37313-1-ND","","","","","","","","","","","14-TSSOP",symbols/Opamp/SCH - OPAMP - TI LMV82x 14 PIN.SCHLIB,TI LMV82x 14 PIN,"","","1mV","2.5V ~ 5.5V, ±1.25V ~ 2.75V"
"",General Purpose,=Part Number,Datasheet,http://www.ti.com/general/docs/suppproductinfo.tsp?distId=10&gotoUrl=http%3A%2F%2Fwww.ti.com%2Flit%2Fgpn%2Flmv821-n,DigiKey Link,http://digikey.com/product-detail/en/texas-instruments/LMV824MTX-NOPB/LMV824MTX-NOPBCT-ND/3440150,"","","","","","","","","100nA","","1mA",IC OPAMP GP 4 CIRCUIT 14TSSOP,"14-TSSOP (0.173, 4.40mm Width)",footprints/Leaded - SOP/PCB - LEADED - SOP - TI TSSOP-14 PW.pcblib,"","",TI TSSOP-14 PW,"","","5.6MHz","2020-03-30 15:09:23.853000",Active,Texas Instruments,LMV824MTX/NOPB,"1",Surface Mount,"4",-40°C ~ 85°C,Rail-to-Rail,"14-TSSOP (0.173, 4.40mm Width)",TapeAndReel,"20",Active,"0.65",-,"2V/µs",DigiKey,LMV824MTX/NOPBCT-ND,"","","","","","","","","","","14-TSSOP",symbols/Opamp/SCH - OPAMP - TI LMV82x 14 PIN.SCHLIB,TI LMV82x 14 PIN,"","","3.5mV","2.5V ~ 5.5V, ±1.25V ~ 2.75V"
"",General Purpose,=Part Number,Datasheet,http://www.st.com/content/ccc/resource/technical/document/datasheet/39/12/97/14/01/a7/4f/de/DM00041851.pdf/files/DM00041851.pdf/jcr:content/translations/en.DM00041851.pdf,DigiKey Link,http://digikey.com/product-detail/en/stmicroelectronics/LMV824AIPT/497-12825-1-ND/3028576,"","","","","","","","","60nA","70mA","300µA",IC OPAMP GP 4 CIRCUIT 14TSSOP,"14-TSSOP (0.173, 4.40mm Width)",footprints/Leaded - SOP/PCB - LEADED - SOP - TI TSSOP-14 PW.pcblib,"","",TI TSSOP-14 PW,"","","5.5MHz","2020-01-09 02:13:49",Active,STMicroelectronics,LMV824AIPT,"1",Surface Mount,"4",-40°C ~ 125°C,Rail-to-Rail,"14-TSSOP (0.173, 4.40mm Width)",ReReel,"21",Active,"0.00",-,"1.9V/µs",DigiKey,"497-12825-1-ND","","","","","","","","","","","14-TSSOP",symbols/Opamp/SCH - OPAMP - TI LMV82x 14 PIN.SCHLIB,TI LMV82x 14 PIN,"","","800µV","2.5V ~ 5.5V"
"",General Purpose,=Part Number,Datasheet,http://www.onsemi.com/pub/Collateral/LMV821-D.PDF,DigiKey Link,http://digikey.com/product-detail/en/on-semiconductor/LMV824DTBR2G/LMV824DTBR2GOSCT-ND/9086557,"","","","","","","","","119nA","45mA","1mA",IC OPAMP GP 4 CIRCUIT 14TSSOP,"14-TSSOP (0.173, 4.40mm Width)",footprints/Leaded - SOP/PCB - LEADED - SOP - TI TSSOP-14 PW.pcblib,"","",TI TSSOP-14 PW,"","","5.6MHz","2020-01-09 02:14:13.253000",Active,ON Semiconductor,LMV824DTBR2G,"1",Surface Mount,"4",-40°C ~ 85°C,Rail-to-Rail,"14-TSSOP (0.173, 4.40mm Width)",ReReel,"22",Active,"0.00",-,"2V/µs",DigiKey,LMV824DTBR2GOSCT-ND,"","","","","","","","","","","14-TSSOP",symbols/Opamp/SCH - OPAMP - TI LMV82x 14 PIN.SCHLIB,TI LMV82x 14 PIN,"","","1mV","2.7V ~ 5.5V, ±1.35V ~ 2.75V"
"",General Purpose,=Part Number,Datasheet,http://www.st.com/content/ccc/resource/technical/document/datasheet/39/12/97/14/01/a7/4f/de/DM00041851.pdf/files/DM00041851.pdf/jcr:content/translations/en.DM00041851.pdf,DigiKey Link,http://digikey.com/product-detail/en/stmicroelectronics/LMV824IPT/497-13209-1-ND/3594787,"","","","","","","","","60nA","70mA","300µA",IC OPAMP GP 4 CIRCUIT 14TSSOP,"14-TSSOP (0.173, 4.40mm Width)",footprints/Leaded - SOP/PCB - LEADED - SOP - TI TSSOP-14 PW.pcblib,"","",TI TSSOP-14 PW,"","","5.5MHz","2020-01-09 02:14:29.650000",Active,STMicroelectronics,LMV824IPT,"1",Surface Mount,"4",-40°C ~ 125°C,Rail-to-Rail,"14-TSSOP (0.173, 4.40mm Width)",ReReel,"23",Active,"0.00",-,"1.9V/µs",DigiKey,"497-13209-1-ND","","","","","","","","","","","14-TSSOP",symbols/Opamp/SCH - OPAMP - TI LMV82x 14 PIN.SCHLIB,TI LMV82x 14 PIN,"","","800µV","2.5V ~ 5.5V"
"",General Purpose,=Part Number,Datasheet,http://www.ti.com/general/docs/suppproductinfo.tsp?distId=10&gotoUrl=http%3A%2F%2Fwww.ti.com%2Flit%2Fgpn%2Flmv601,DigiKey Link,http://digikey.com/product-detail/en/texas-instruments/LMV601MG-NOPB/296-39050-1-ND/5143087,"","","","","","","","","0.02pA","113mA","107µA",IC OPAMP GP 1 CIRCUIT SC70-6,"6-TSSOP, SC-88, SOT-363",footprints/Leaded - SOT/PCB - LEADED - SOT - TI SC70-6 DCK.PCBLIB,"","",TI SC70-6 DCK,"","","1MHz","2020-03-30 15:11:24.020000",Active,Texas Instruments,LMV601MG/NOPB,"1",Surface Mount,"1",-40°C ~ 125°C,Rail-to-Rail,"6-TSSOP, SC-88, SOT-363",TapeAndReel,"24",Active,"0.25",-,"1V/µs",DigiKey,"296-39050-1-ND","","","","","","","","","","",SC-70-6,symbols/Opamp/SCH - OPAMP - TI LMV601.SCHLIB,TI LMV601,"","","250µV","2.7V ~ 5.5V"
"",General Purpose,=Part Number,Datasheet,http://www.ti.com/general/docs/suppproductinfo.tsp?distId=10&gotoUrl=http%3A%2F%2Fwww.ti.com%2Flit%2Fgpn%2Flmv601,DigiKey Link,http://digikey.com/product-detail/en/texas-instruments/LMV601MGX-NOPB/296-46438-1-ND/7033611,"","","","","","","","","0.02pA","113mA","107µA",IC OPAMP GP 1 CIRCUIT SC70-6,"6-TSSOP, SC-88, SOT-363",footprints/Leaded - SOT/PCB - LEADED - SOT - TI SC70-6 DCK.PCBLIB,"","",TI SC70-6 DCK,"","","1MHz","2020-01-09 02:16:59.713000",Active,Texas Instruments,LMV601MGX/NOPB,"1",Surface Mount,"1",-40°C ~ 125°C,Rail-to-Rail,"6-TSSOP, SC-88, SOT-363",ReReel,"25",Active,"0.00",-,"1V/µs",DigiKey,"296-46438-1-ND","","","","","","","","","","",SC-70-6,symbols/Opamp/SCH - OPAMP - TI LMV601.SCHLIB,TI LMV601,"","","250µV","2.7V ~ 5.5V"
"4.7MHz",Instrumentation,=Part Number,Datasheet,http://www.ti.com/general/docs/suppproductinfo.tsp?distId=10&gotoUrl=http%3A%2F%2Fwww.ti.com%2Flit%2Fgpn%2Fina821,DigiKey Link,http://digikey.com/product-detail/en/texas-instruments/INA821IDR/296-INA821IDRCT-ND/10816915,"","","","","","","","","150pA","20mA","600µA",OP AMP,"8-SOIC (0.154, 3.90mm Width)",footprints/Leaded - SOIC/PCB - LEADED - SOIC - TI SOIC-8 D.PCBLIB,"","",TI SOIC-8 D,"","","","2020-02-05 05:37:48.290000",Active,Texas Instruments,INA821IDR,"1",Surface Mount,"1",-40°C ~ 125°C (TA),"","8-SOIC (0.154, 3.90mm Width)",CutTape,"26",Active,"5.31",-,"2V/µs",DigiKey,"296-INA821IDRCT-ND","","","","","","","","","","","8-SOIC",symbols/Opamp/SCH - OPAMP - TI INA821.SCHLIB,TI INA821,"","","10µV","4.5V ~ 36V, ±2.25V ~ 18V"
"",General Purpose,=Part Number,Datasheet,http://www.ti.com/general/docs/suppproductinfo.tsp?distId=10&gotoUrl=http%3A%2F%2Fwww.ti.com%2Flit%2Fgpn%2Fopa2347,DigiKey Link,http://digikey.com/product-detail/en/texas-instruments/OPA2347EA-250/296-44981-1-ND/362245,"","","","","","","","","0.5pA","17mA","20µA",IC OPAMP GP 2 CIRCUIT SOT23-8,SOT-23-8,footprints/Leaded - SOT/PCB - LEADED - SOT - TI SOT-23-8 DCN.PcbLib,"","",TI SOT-23-8 DCN,"","","350kHz","2020-04-02 13:30:18.240000",Active,Texas Instruments,OPA2347EA/250,"1",Surface Mount,"2",-55°C ~ 125°C,Rail-to-Rail,SOT-23-8,TapeAndReel,"27",Active,"0.75",-,"0.17V/µs",DigiKey,"296-44981-1-ND","","","","","","","","","","",SOT-23-8,symbols/Opamp/SCH - OPAMP - TI OPA2347EA3K.SCHLIB,TI OPA2347EA3K,"","","2mV","2.3V ~ 5.5V, ±1.15V ~ 2.75V"
"",General Purpose,=Part Number,Datasheet,http://www.ti.com/general/docs/suppproductinfo.tsp?distId=10&gotoUrl=http%3A%2F%2Fwww.ti.com%2Flit%2Fgpn%2Fopa2347,DigiKey Link,http://digikey.com/product-detail/en/texas-instruments/OPA2347EA-3K/296-27925-1-ND/2440706,"","","","","","","","","0.5pA","","20µA",IC OPAMP GP 2 CIRCUIT SOT23-8,SOT-23-8,footprints/Leaded - SOT/PCB - LEADED - SOT - TI SOT-23-8 DCN.PcbLib,"","",TI SOT-23-8 DCN,"","","350kHz","2020-04-02 13:30:36.003000",Active,Texas Instruments,OPA2347EA/3K,"1",Surface Mount,"2",-55°C ~ 125°C,Rail-to-Rail,SOT-23-8,TapeAndReel,"28",Active,"0.46",-,"0.17V/µs",DigiKey,"296-27925-1-ND","","","","","","","","","","",SOT-23-8,symbols/Opamp/SCH - OPAMP - TI OPA2347EA3K.SCHLIB,TI OPA2347EA3K,"","","2mV","2.3V ~ 5.5V, ±1.15V ~ 2.75V"
"",General Purpose,=Part Number,Datasheet,http://www.st.com/content/ccc/resource/technical/document/datasheet/f4/aa/37/6e/3b/fe/4f/e1/DM00050849.pdf/files/DM00050849.pdf/jcr:content/translations/en.DM00050849.pdf,DigiKey Link,http://digikey.com/product-detail/en/stmicroelectronics/LMX358IQ2T/497-14860-1-ND/4899843,"","","","","","","","","27nA","70mA","130µA",IC OPAMP GP 2 CIRCUIT 8DFN,"8-UFDFN Exposed Pad",footprints/Leadless - DFN/PCB - LEADLESS - DFN - STM DFN-8 2x2MM.PcbLib,"","",STM DFN-8 2x2MM,"","","1.3MHz","2020-04-02 13:31:27.407000",Active,STMicroelectronics,LMX358IQ2T,"1",Surface Mount,"2",-40°C ~ 125°C,Rail-to-Rail,"8-UFDFN Exposed Pad",TapeAndReel,"29",Active,"0.17",-,"0.7V/µs",DigiKey,"497-14860-1-ND","","","","","","","","","","","8-DFN (2x2)",symbols/Opamp/SCH - OPAMP - STM LMX358IQ2T.SCHLIB,STM LMX358IQ2T,"","","4mV","2.3V ~ 5.5V"
"",General Purpose,=Part Number,Datasheet,http://www.ti.com/general/docs/suppproductinfo.tsp?distId=10&gotoUrl=http%3A%2F%2Fwww.ti.com%2Flit%2Fgpn%2Fopa2320,DigiKey Link,http://digikey.com/product-detail/en/texas-instruments/OPA2320AIDR/296-29885-1-ND/2782287,"","","","","","","","","0.2pA","65mA","1.45mA",IC OPAMP GP 2 CIRCUIT 8SOIC,"8-SOIC (0.154, 3.90mm Width)",footprints/Leaded - SOIC/PCB - LEADED - SOIC - TI SOIC-8 D.PCBLIB,"","",TI SOIC-8 D,"","","20MHz","2020-05-13 17:15:16.727000",Active,Texas Instruments,OPA2320AIDR,"1",Surface Mount,"2",-40°C ~ 125°C,Rail-to-Rail,"8-SOIC (0.154, 3.90mm Width)",TapeAndReel,"30",Active,"1.41",-,"10V/µs",DigiKey,"296-29885-1-ND","","","","","","","","","","","8-SOIC",symbols/Opamp/SCH - OPAMP - TI OPA2320.SchLib,TI OPA2320,"","","40µV","1.8V ~ 5.5V, ±0.9V ~ 2.75V"
"1.75GHz",Buffer,=Part Number,Datasheet,http://www.ti.com/general/docs/suppproductinfo.tsp?distId=10&gotoUrl=http%3A%2F%2Fwww.ti.com%2Flit%2Fgpn%2Flmh6559,DigiKey Link,http://digikey.com/product-detail/en/texas-instruments/LMH6559MF-NOPB/LMH6559MF-NOPBCT-ND/566704,"","","","","","","","","3µA","74mA","10mA",IC BUFFER 1 CIRCUIT SOT23-5,"SC-74A, SOT-753",footprints/Leaded - SOT-23/PCB - LEADED - SOT-23 - TI SOT-23-5 DBV.PCBLIB,"","",TI SOT-23-5 DBV,"","","","2020-06-06 02:09:06.240000",Active,Texas Instruments,LMH6559MF/NOPB,"1",Surface Mount,"1",-40°C ~ 85°C,"","SC-74A, SOT-753",TapeAndReel,"31",Active,"1.37",-,"4580V/µs",DigiKey,LMH6559MF/NOPBCT-ND,"","","","","","","","","","",SOT-23-5,symbols/Opamp/SCH - OPAMP - TI LMH6559.SCHLIB,TI LMH6559,"","","3mV","3V ~ 10V, ±1.5V ~ 5V"
"",Zero-Drift,=Part Number,Datasheet,http://www.ti.com/general/docs/suppproductinfo.tsp?distId=10&gotoUrl=http%3A%2F%2Fwww.ti.com%2Flit%2Fgpn%2Fopa188,DigiKey Link,http://digikey.com/product-detail/en/texas-instruments/OPA188AID/296-36185-5-ND/4146941,"","","","","","","","","160pA","","450µA",IC OPAMP ZERO-DRIFT 1 CIRC 8SOIC,"",footprints/Leaded - SOIC/PCB - LEADED - SOIC - TI SOIC-8 D.PCBLIB,"","",TI SOIC-8 D,"","","2MHz","2020-08-29 19:11:34.070000",Active,Texas Instruments,OPA188AID,"1",Surface Mount,"1",-55°C ~ 150°C,Rail-to-Rail,"8-SOIC (0.154, 3.90mm Width)",Tube,"32",Active,"2.87",-,"0.8V/µs",DigiKey,"296-36185-5-ND","","","","","","","","","","","8-SOIC",symbols/Opamp/SCH - OPAMP - TI OPA188 D DGK.SchLib,TI OPA188 D DGK,"","","6µV","4V ~ 36V, ±2V ~ 18V"
"",Zero-Drift,=Part Number,Datasheet,http://www.ti.com/general/docs/suppproductinfo.tsp?distId=10&gotoUrl=http%3A%2F%2Fwww.ti.com%2Flit%2Fgpn%2Fopa188,DigiKey Link,http://digikey.com/product-detail/en/texas-instruments/OPA188AIDBVR/296-40438-1-ND/5178315,"","","","","","","","","160pA","","450µA",IC OPAMP ZER-DRIFT 1CIRC SOT23-5,"",footprints/Leaded - SOT-23/PCB - LEADED - SOT-23 - TI SOT-23-5 DBV.PCBLIB,"","",TI SOT-23-5 DBV,"","","2MHz","2020-08-29 19:12:32.653000",Active,Texas Instruments,OPA188AIDBVR,"1",Surface Mount,"1",-40°C ~ 125°C,Rail-to-Rail,"SC-74A, SOT-753",TapeAndReel,"33",Active,"1.05",-,"0.8V/µs",DigiKey,"296-40438-1-ND","","","","","","","","","","",SOT-23-5,symbols/Opamp/SCH - OPAMP - TI OPA188 DBV.SchLib,TI OPA188 DBV,"","","6µV","4V ~ 36V, ±2V ~ 18V"
"",Zero-Drift,=Part Number,Datasheet,http://www.ti.com/general/docs/suppproductinfo.tsp?distId=10&gotoUrl=http%3A%2F%2Fwww.ti.com%2Flit%2Fgpn%2Fopa188,DigiKey Link,http://digikey.com/product-detail/en/texas-instruments/OPA188AIDBVT/296-36218-1-ND/4212804,"","","","","","","","","160pA","","450µA",IC OPAMP ZER-DRIFT 1CIRC SOT23-5,"",footprints/Leaded - SOT-23/PCB - LEADED - SOT-23 - TI SOT-23-5 DBV.PCBLIB,"","",TI SOT-23-5 DBV,"","","2MHz","2020-08-29 19:12:48.857000",Active,Texas Instruments,OPA188AIDBVT,"1",Surface Mount,"1",-40°C ~ 125°C,Rail-to-Rail,"SC-74A, SOT-753",TapeAndReel,"34",Active,"1.63",-,"0.8V/µs",DigiKey,"296-36218-1-ND","","","","","","","","","","",SOT-23-5,symbols/Opamp/SCH - OPAMP - TI OPA188 DBV.SchLib,TI OPA188 DBV,"","","6µV","4V ~ 36V, ±2V ~ 18V"
"",Zero-Drift,=Part Number,Datasheet,http://www.ti.com/general/docs/suppproductinfo.tsp?distId=10&gotoUrl=http%3A%2F%2Fwww.ti.com%2Flit%2Fgpn%2Fopa188,DigiKey Link,http://digikey.com/product-detail/en/texas-instruments/OPA188AIDGKT/296-35734-1-ND/3987169,"","","","","","","","","160pA","","450µA",IC OPAMP ZERO-DRIFT 1CIRC 8VSSOP,"",footprints/Leaded - SOP/PCB - LEADED - SOP - TI VSSOP-8 DGK.PCBLIB,"","",TI VSSOP-8 DGK,"","","2MHz","2020-08-29 19:13:06.160000",Active,Texas Instruments,OPA188AIDGKT,"1",Surface Mount,"1",-55°C ~ 150°C,Rail-to-Rail,"8-TSSOP, 8-MSOP (0.118, 3.00mm Width)",TapeAndReel,"35",Active,"1.63",-,"0.8V/µs",DigiKey,"296-35734-1-ND","","","","","","","","","","","8-VSSOP",symbols/Opamp/SCH - OPAMP - TI OPA188 D DGK.SchLib,TI OPA188 D DGK,"","","6µV","4V ~ 36V, ±2V ~ 18V"
"",Zero-Drift,=Part Number,Datasheet,http://www.ti.com/general/docs/suppproductinfo.tsp?distId=10&gotoUrl=http%3A%2F%2Fwww.ti.com%2Flit%2Fgpn%2Fopa188,DigiKey Link,http://digikey.com/product-detail/en/texas-instruments/OPA188AIDR/296-41346-1-ND/5222828,"","","","","","","","","160pA","","450µA",IC OPAMP ZERO-DRIFT 1 CIRC 8SOIC,"",footprints/Leaded - SOIC/PCB - LEADED - SOIC - TI SOIC-8 D.PCBLIB,"","",TI SOIC-8 D,"","","2MHz","2020-08-29 19:13:34.723000",Active,Texas Instruments,OPA188AIDR,"1",Surface Mount,"1",-55°C ~ 150°C,Rail-to-Rail,"8-SOIC (0.154, 3.90mm Width)",TapeAndReel,"36",Active,"1.05",-,"0.8V/µs",DigiKey,"296-41346-1-ND","","","","","","","","","","","8-SOIC",symbols/Opamp/SCH - OPAMP - TI OPA188 D DGK.SchLib,TI OPA188 D DGK,"","","6µV","4V ~ 36V, ±2V ~ 18V"
"",Zero-Drift,=Part Number,Datasheet,http://www.ti.com/general/docs/suppproductinfo.tsp?distId=10&gotoUrl=http%3A%2F%2Fwww.ti.com%2Flit%2Fgpn%2Fopa188-q1,DigiKey Link,http://digikey.com/product-detail/en/texas-instruments/OPA188AQDGKRQ1/296-46905-1-ND/7244247,"","","","","","","","","160pA","18mA","450µA",IC OPAMP ZERO-DRIFT 1CIRC 8VSSOP,"",footprints/Leaded - SOP/PCB - LEADED - SOP - TI VSSOP-8 DGK.PCBLIB,"","",TI VSSOP-8 DGK,"","","2MHz","2020-08-29 19:13:53.407000",Active,Texas Instruments,OPA188AQDGKRQ1,"1",Surface Mount,"1",-40°C ~ 125°C,Rail-to-Rail,"8-TSSOP, 8-MSOP (0.118, 3.00mm Width)",CutTape,"37",Active,"2.90","Automotive, AEC-Q100","0.8V/µs",DigiKey,"296-46905-1-ND","","","","","","","","","","","8-VSSOP",symbols/Opamp/SCH - OPAMP - TI OPA188 D DGK.SchLib,TI OPA188 D DGK,"","","6µV","4V ~ 36V, ±2V ~ 18V"
"1MHz",Instrumentation,=Part Number,Datasheet,http://www.ti.com/general/docs/suppproductinfo.tsp?distId=10&gotoUrl=http%3A%2F%2Fwww.ti.com%2Flit%2Fgpn%2Fina826,DigiKey Link,http://digikey.com/product-detail/en/texas-instruments/INA826AIDGKR/296-29663-1-ND/2762166,"","","","","","","","","35nA","16mA","200µA",IC INST AMP 1 CIRCUIT 8VSSOP,"",footprints/Leaded - SOP/PCB - LEADED - SOP - TI VSSOP-8 DGK.PCBLIB,"","",TI VSSOP-8 DGK,"","","","2020-09-05 01:49:26.993000",Active,Texas Instruments,INA826AIDGKR,"1",Surface Mount,"1",-40°C ~ 125°C,Rail-to-Rail,"8-TSSOP, 8-MSOP (0.118, 3.00mm Width)",TapeAndReel,"38",Active,"1.20",-,"1V/µs",DigiKey,"296-29663-1-ND","","","","","","","","","","","8-VSSOP",symbols/Opamp/SCH - OPAMP - TI INA826.SCHLIB,TI INA826,"","","40µV","2.7V ~ 36V, ±1.35V ~ 18V"
"1MHz",Instrumentation,=Part Number,Datasheet,http://www.ti.com/general/docs/suppproductinfo.tsp?distId=10&gotoUrl=http%3A%2F%2Fwww.ti.com%2Flit%2Fgpn%2Fina826,DigiKey Link,http://digikey.com/product-detail/en/texas-instruments/INA826AIDR/296-30238-1-ND/3045446,"","","","","","","","","35nA","16mA","200µA",IC INST AMP 1 CIRCUIT 8SOIC,"",footprints/Leaded - SOIC/PCB - LEADED - SOIC - TI SOIC-8 D.PCBLIB,"","",TI SOIC-8 D,"","","","2020-09-05 01:49:50.840000",Active,Texas Instruments,INA826AIDR,"1",Surface Mount,"1",-40°C ~ 125°C,Rail-to-Rail,"8-SOIC (0.154, 3.90mm Width)",TapeAndReel,"39",Active,"1.20",-,"1V/µs",DigiKey,"296-30238-1-ND","","","","","","","","","","","8-SOIC",symbols/Opamp/SCH - OPAMP - TI INA826.SCHLIB,TI INA826,"","","40µV","2.7V ~ 36V, ±1.35V ~ 18V"
"1MHz",Instrumentation,=Part Number,Datasheet,http://www.ti.com/general/docs/suppproductinfo.tsp?distId=10&gotoUrl=http%3A%2F%2Fwww.ti.com%2Flit%2Fgpn%2Fina826,DigiKey Link,http://digikey.com/product-detail/en/texas-instruments/INA826AID/296-33294-5-ND/3053283,"","","","","","","","","35nA","16mA","200µA",IC INST AMP 1 CIRCUIT 8SOIC,"",footprints/Leaded - SOIC/PCB - LEADED - SOIC - TI SOIC-8 D.PCBLIB,"","",TI SOIC-8 D,"","","","2020-09-05 01:50:11.753000",Active,Texas Instruments,INA826AID,"1",Surface Mount,"1",-40°C ~ 125°C,Rail-to-Rail,"8-SOIC (0.154, 3.90mm Width)",Tube,"40",Active,"2.94",-,"1V/µs",DigiKey,"296-33294-5-ND","","","","","","","","","","","8-SOIC",symbols/Opamp/SCH - OPAMP - TI INA826.SCHLIB,TI INA826,"","","40µV","2.7V ~ 36V, ±1.35V ~ 18V"
"1MHz",Instrumentation,=Part Number,Datasheet,http://www.ti.com/general/docs/suppproductinfo.tsp?distId=10&gotoUrl=http%3A%2F%2Fwww.ti.com%2Flit%2Fgpn%2Fina826,DigiKey Link,http://digikey.com/product-detail/en/texas-instruments/INA826AIDGK/296-29687-5-ND/2762243,"","","","","","","","","35nA","16mA","200µA",IC INST AMP 1 CIRCUIT 8VSSOP,"",footprints/Leaded - SOP/PCB - LEADED - SOP - TI VSSOP-8 DGK.PCBLIB,"","",TI VSSOP-8 DGK,"","","","2020-09-05 01:51:46.693000",Active,Texas Instruments,INA826AIDGK,"1",Surface Mount,"1",-40°C ~ 125°C,Rail-to-Rail,"8-TSSOP, 8-MSOP (0.118, 3.00mm Width)",Tube,"41",Active,"2.94",-,"1V/µs",DigiKey,"296-29687-5-ND","","","","","","","","","","","8-VSSOP",symbols/Opamp/SCH - OPAMP - TI INA826.SCHLIB,TI INA826,"","","40µV","2.7V ~ 36V, ±1.35V ~ 18V"
"150MHz",Differential,=Part Number,Datasheet,https://www.ti.com/lit/ds/symlink/ths4551.pdf,DigiKey Link,https://www.digikey.cn/en/products/detail/texas-instruments/THS4551IRGTR/6816811,,,,,,,,,"1uA","65mA","1.37mA",IC OPAMP DIFF 1 CIRCUIT 16VQFN,,,,,,,,"135MHz",,,Texas Instruments,THS4551IRGTR,,Surface Mount,,-40°C ~ 125°C,Rail-to-Rail,"16-VFQFN Exposed Pad",,,,,-,"220V/us",DigiKey,"296-48682-2-ND",,,,,,,,,,,"16-VQFN (3x3)",,ti_amplifiers\THS4551xRGT,,,"50uV","2.7V ~ 5.5V"
-,General Purpose,=Part Number,Datasheet,https://www.ti.com/lit/ds/symlink/opa862.pdf,Digikey,https://www.digikey.cn/en/products/detail/texas-instruments/OPA862IDTKR/13173881,,,,,,,,,"5 nA","60 mA","3.1mA (x2 Channels)",IC OPAMP GP 2 CIRCUIT 8WSON,,,,,,,,"400 MHz",,,Texas Instruments,OPA862IDTKR,,Surface Mount,"2",-40°C ~ 125°C (TA),Rail-to-Rail,"8-WDFN Exposed Pad",,,,,,"140V/µs",,,,,,,,,,,,,,,ti_amplifiers\OPA862,,,"50 µV","3V ~ 12V, ±1.5V ~ ±6V"
-,General Purpose,=Part Number,Datasheet,https://www.ti.com.cn/cn/lit/ds/symlink/opa350.pdf,Digikey,https://www.digikey.cn/en/products/detail/texas-instruments/OPA350UA-2K5/301257,,,,,,,,,"0.5 pA","40 mA","5.2mA",IC OPAMP GP 1 CIRCUIT 8SOIC,,,,,,,,"38 MHz",,,Texas Instruments,OPA350UA/2K5,"1",Surface Mount,"1",-40°C ~ 85°C,Rail-to-Rail,"8-SOIC (0.154"", 3.90mm Width)",,,,,,"22V/µs",Digikey,"296-41366-2-ND",,,,,,,,,,,,,ti_amplifiers\OPA350,,,"150 µV","2.5V ~ 5.5V, ±1.25V ~ ±2.75V"
-,General Purpose,=Part Number,Datasheet,https://www.ti.com.cn/cn/lit/ds/symlink/opa350.pdf,Digikey,https://www.digikey.cn/en/products/detail/texas-instruments/OPA350EA-2K5/301256,,,,,,,,,"0.5 pA","40 mA","5.2mA",IC OPAMP GP 1 CIRCUIT 8VSSOP,,,,,,,,"38 MHz",,,Texas Instruments,OPA350EA/2K5,"1",Surface Mount,"1",-40°C ~ 85°C,Rail-to-Rail,"8-TSSOP, 8-MSOP (0.118"", 3.00mm Width)",,,,,,"22V/µs",Digikey,"296-46161-2-ND",,,,,,,,,,,,,ti_amplifiers\OPA350,,,"150 µV","2.5V ~ 5.5V, ±1.25V ~ ±2.75V"
-,General Purpose,=Part Number,Datasheet,https://www.ti.com.cn/cn/lit/ds/symlink/opa350.pdf,Digikey,https://www.digikey.cn/en/products/detail/texas-instruments/OPA2350UA-2K5/301204,,,,,,,,,"0.5 pA","40 mA","5.2mA (x2 Channels)",IC CMOS 2 CIRCUIT 8SOIC,,,,,,,,"38 MHz",,,Texas Instruments,OPA2350UA/2K5,"1",Surface Mount,"2",-40°C ~ 85°C,Rail-to-Rail,"8-SOIC (0.154"", 3.90mm Width)",,,,,,"22V/µs",Digikey,"296-26258-2-ND",,,,,,,,,,,,,TI OPA2350,,,"150 µV","2.5V ~ 5.5V, ±1.25V ~ ±2.75V"
-,General Purpose,=Part Number,Datasheet,https://www.ti.com.cn/cn/lit/ds/symlink/opa350.pdf,Digikey,https://www.digikey.cn/en/products/detail/texas-instruments/OPA2350EA-2K5/301203,,,,,,,,,"0.5 pA","40 mA","5.2mA (x2 Channels)",IC CMOS 2 CIRCUIT 8VSSOP,,,,,,,,"38 MHz",,,Texas Instruments,OPA2350EA/2K5,"1",Surface Mount,"2",-40°C ~ 85°C,Rail-to-Rail,"8-TSSOP, 8-MSOP (0.118"", 3.00mm Width)",,,,,,"22V/µs",Digikey,"296-39117-2-ND",,,,,,,,,,,,,ti_amplifiers\OPA2350,,,"150 µV","2.5V ~ 5.5V, ±1.25V ~ ±2.75V"
-,General Purpose,=Part Number,Datasheet,https://www.ti.com.cn/cn/lit/ds/symlink/opa350.pdf,Digikey,https://www.digikey.cn/en/products/detail/texas-instruments/OPA4350UA-2K5/301295,,,,,,,,,"0.5 pA","40 mA","5.2mA (x4 Channels)",IC CMOS 4 CIRCUIT 14SOIC,,,,,,,,"38 MHz",,,Texas Instruments,OPA4350UA/2K5,"1",Surface Mount,"2",-40°C ~ 85°C,Rail-to-Rail,"14-SOIC (0.154"", 3.90mm Width)",,,,,,"22V/µs",Digikey,"296-48944-2-ND",,,,,,,,,,,,,ti_amplifiers\OPA4350UA,,,"150 µV","2.5V ~ 5.5V, ±1.25V ~ ±2.75V"
-,General Purpose,=Part Number,Datasheet,https://www.ti.com.cn/cn/lit/ds/symlink/opa350.pdf,Digikey,https://www.digikey.cn/en/products/detail/texas-instruments/OPA4350EA-2K5/301294,,,,,,,,,"0.5 pA","40 mA","5.2mA (x4 Channels)",IC CMOS 4 CIRCUIT 16SSOP,,,,,,,,"38 MHz",,,Texas Instruments,OPA4350EA/2K5,"1",Surface Mount,"2",-40°C ~ 85°C,Rail-to-Rail,"16-SSOP (0.154"", 3.90mm Width)",,,,,,"22V/µs",Digikey,OPA4350EA/2K5-ND,,,,,,,,,,,,,ti_amplifiers\OPA4350EA,,,"150 µV","2.5V ~ 5.5V, ±1.25V ~ ±2.75V"
"150MHz",Differential,=Part Number,Datasheet,https://www.ti.com/lit/ds/symlink/ths4551.pdf,DigiKey Link,https://www.digikey.cn/en/products/detail/texas-instruments/THS4551IDGKR/6198671,,,,,,,,,"1uA","65mA","1.37mA",IC OPAMP DIFF 1 CIRCUIT 8VSSOP,"8-VSSOP",,,,,,,"135MHz",,,Texas Instruments,THS4551IDGKR,,Surface Mount,,-40°C ~ 125°C,Rail-to-Rail,"8-TSSOP, 8-MSOP (0.118"", 3.00mm Width)",,,,,-,"220V/us",DigiKey,"296-47312-2-ND",,,,,,,,,,,"8-VSSOP",,ti_amplifiers\THS4551xDGK,,,"50uV","2.7V ~ 5.5V"
-,General Purpose,=Part Number,Datasheet,https://www.ti.com/lit/ds/symlink/opa862.pdf,Digikey,https://www.digikey.com/en/products/detail/texas-instruments/OPA862IDR/11635686,,,,,,,,,"5 nA","60 mA","3.1mA (x2 Channels)",IC OPAMP GP 2 CIRCUIT 8WSON,,,,,,,,"400 MHz",,,Texas Instruments,OPA862IDR,,Surface Mount,"2",-40°C ~ 125°C (TA),Rail-to-Rail,"8-SOIC (0.154"", 3.90mm Width)",,,,,,"140V/µs",,,,,,,,,,,,,,,ti_amplifiers\OPA862,,,"50 µV","3V ~ 12V, ±1.5V ~ ±6V"
-,General Purpose,=Part Number,Datasheet,https://www.ti.com/lit/ds/symlink/opa862.pdf,Digikey,https://www.digikey.com/en/products/detail/texas-instruments/OPA862IDT/11635683,,,,,,,,,"5 nA","60 mA","3.1mA (x2 Channels)",IC OPAMP GP 2 CIRCUIT 8WSON,,,,,,,,"400 MHz",,,Texas Instruments,OPA862IDT,,Surface Mount,"2",-40°C ~ 125°C (TA),Rail-to-Rail,"8-SOIC (0.154"", 3.90mm Width)",,,,,,"140V/µs",,,,,,,,,,,,,,,ti_amplifiers\OPA862,,,"50 µV","3V ~ 12V, ±1.5V ~ ±6V"
