"CCT (K)","Color","Comment","ComponentLink1Description","ComponentLink1URL","ComponentLink2Description","ComponentLink2URL","ComponentLink3Description","ComponentLink3URL","ComponentLink4Description","ComponentLink4URL","ComponentLink5Description","ComponentLink5URL","ComponentLink6Description","ComponentLink6URL","CRI (Color Rendering Index)","Current - Max","Current - Test","Description","Device Package","Flux @ 25°C, Current - Test","Flux @ 85°C, Current - Test","Footprint Path","Footprint Path 2","Footprint Path 3","Footprint Ref","Footprint Ref 2","Footprint Ref 3","Height - Seated (Max)","LastUpdated","Lifecycle Status","Lumens/Watt @ Current - Test","Manufacturer","Part Number","Minimum Order","Mounting Type","Package / Case","Packaging","PartId","Part Status","Price","Series","Size / Dimension","Supplier 1","Supplier Part Number 1","Supplier 2","Supplier Part Number 2","Supplier 3","Supplier Part Number 3","Supplier 4","Supplier Part Number 4","Supplier 5","Supplier Part Number 5","Supplier 6","Supplier Part Number 6","Supplier Device Package","Library Path","Library Ref","Type","Value","Viewing Angle","Voltage - Forward (Vf) (Typ)"
"5600K","White, Cool",=Part Number,Datasheet,https://download.luminus.com/datasheets/Luminus_MP3030_1100_Datasheet.pdf,DigiKey Link,http://digikey.com/product-detail/en/luminus-devices-inc/MP-3030-1100-56-95/1214-1348-1-ND/5731661,"","","","","","","","","95","240mA","150mA",LED MID PWR 5600K 95CRI 3030,"1212 (3030 Metric)","60lm (Typ)","",footprints/Diodes/PCB - DIODES - LUMINUS MP-3030-110.PCBLIB,"","",LUMINUS MP-3030-110,"","","0.020 (0.52mm)","2020-09-02 01:22:42.730000",Active,"133 lm/W",Luminus Devices Inc.,MP-3030-1100-56-95,"1",Surface Mount,"1212 (3030 Metric)",TapeAndReel,"1",Active,"0.07",MP-3030,"0.118 L x 0.118 W (3.00mm x 3.00mm)",DigiKey,"1214-1348-1-ND","","","","","","","","","","","3030",symbols/Diodes/SCH - DIODES - LED.SCHLIB,LED,"","","110°","3V"
"2700K","White, Warm",=Part Number,Datasheet,https://download.luminus.com/datasheets/Luminus_MP3030_1100_Datasheet.pdf,DigiKey Link,http://digikey.com/product-detail/en/luminus-devices-inc/MP-3030-1100-27-80/1214-1334-1-ND/5731647,"","","","","","","","","80","240mA","150mA",LED MID PWR 2700K 80CRI 3030,"1212 (3030 Metric)","60lm (Typ)","",footprints/Diodes/PCB - DIODES - LUMINUS MP-3030-110.PCBLIB,"","",LUMINUS MP-3030-110,"","","0.020 (0.52mm)","2020-09-02 01:22:42.830000",Active,"133 lm/W",Luminus Devices Inc.,MP-3030-1100-27-80,"1",Surface Mount,"1212 (3030 Metric)",TapeAndReel,"2",Active,"0.06",MP-3030,"0.118 L x 0.118 W (3.00mm x 3.00mm)",DigiKey,"1214-1334-1-ND","","","","","","","","","","","3030",symbols/Diodes/SCH - DIODES - LED.SCHLIB,LED,"","","110°","3V"
"2700K","White, Warm",=Part Number,Datasheet,https://download.luminus.com/datasheets/Luminus_MP3030_1100_Datasheet.pdf,DigiKey Link,http://digikey.com/product-detail/en/luminus-devices-inc/MP-3030-1100-27-95/1214-1336-1-ND/5731649,"","","","","","","","","95","240mA","150mA",LED MID PWR 2700K 95CRI 3030,"1212 (3030 Metric)","50lm (Typ)","",footprints/Diodes/PCB - DIODES - LUMINUS MP-3030-110.PCBLIB,"","",LUMINUS MP-3030-110,"","","0.020 (0.52mm)","2020-09-02 01:22:42.827000",Active,"111 lm/W",Luminus Devices Inc.,MP-3030-1100-27-95,"1",Surface Mount,"1212 (3030 Metric)",TapeAndReel,"3",Active,"0.07",MP-3030,"0.118 L x 0.118 W (3.00mm x 3.00mm)",DigiKey,"1214-1336-1-ND","","","","","","","","","","","3030",symbols/Diodes/SCH - DIODES - LED.SCHLIB,LED,"","","110°","3V"
"3000K","White, Warm",=Part Number,Datasheet,https://download.luminus.com/datasheets/Luminus_MP3030_1100_Datasheet.pdf,DigiKey Link,http://digikey.com/product-detail/en/luminus-devices-inc/MP-3030-1100-30-95/1214-1339-1-ND/5731652,"","","","","","","","","95","240mA","150mA",LED MID PWR 3000K 95CRI 3030,"1212 (3030 Metric)","50lm (Typ)","",footprints/Diodes/PCB - DIODES - LUMINUS MP-3030-110.PCBLIB,"","",LUMINUS MP-3030-110,"","","0.020 (0.52mm)","2020-09-02 01:22:42.823000",Active,"111 lm/W",Luminus Devices Inc.,MP-3030-1100-30-95,"1",Surface Mount,"1212 (3030 Metric)",TapeAndReel,"4",Active,"0.07",MP-3030,"0.118 L x 0.118 W (3.00mm x 3.00mm)",DigiKey,"1214-1339-1-ND","","","","","","","","","","","3030",symbols/Diodes/SCH - DIODES - LED.SCHLIB,LED,"","","110°","3V"
"5000K","White, Cool",=Part Number,Datasheet,https://download.luminus.com/datasheets/Luminus_MP3030_1100_Datasheet.pdf,DigiKey Link,http://digikey.com/product-detail/en/luminus-devices-inc/MP-3030-1100-50-70/1214-1346-1-ND/5731659,"","","","","","","","","70","240mA","150mA",LED MID PWR 5000K 70CRI 3030,"1212 (3030 Metric)","71lm (Typ)","",footprints/Diodes/PCB - DIODES - LUMINUS MP-3030-110.PCBLIB,"","",LUMINUS MP-3030-110,"","","0.020 (0.52mm)","2020-09-02 01:22:42.820000",Active,"158 lm/W",Luminus Devices Inc.,MP-3030-1100-50-70,"1",Surface Mount,"1212 (3030 Metric)",TapeAndReel,"5",Active,"0.06",MP-3030,"0.118 L x 0.118 W (3.00mm x 3.00mm)",DigiKey,"1214-1346-1-ND","","","","","","","","","","","3030",symbols/Diodes/SCH - DIODES - LED.SCHLIB,LED,"","","110°","3V"
"5700K","White, Cool",=Part Number,Datasheet,https://download.luminus.com/datasheets/Luminus_MP3030_1100_Datasheet.pdf,DigiKey Link,http://digikey.com/product-detail/en/luminus-devices-inc/MP-3030-1100-57-80/1214-1350-1-ND/5731663,"","","","","","","","","70","240mA","150mA",LED MID PWR 5700K 80CRI 3030,"1212 (3030 Metric)","67lm (Typ)","",footprints/Diodes/PCB - DIODES - LUMINUS MP-3030-110.PCBLIB,"","",LUMINUS MP-3030-110,"","","0.020 (0.52mm)","2020-09-02 01:22:42.813000",Active,"149 lm/W",Luminus Devices Inc.,MP-3030-1100-57-80,"1",Surface Mount,"1212 (3030 Metric)",TapeAndReel,"6",Active,"0.06",MP-3030,"0.118 L x 0.118 W (3.00mm x 3.00mm)",DigiKey,"1214-1350-1-ND","","","","","","","","","","","3030",symbols/Diodes/SCH - DIODES - LED.SCHLIB,LED,"","","110°","3V"
"2700K","White, Warm",=Part Number,Datasheet,https://download.luminus.com/datasheets/Luminus_MP3030_1100_Datasheet.pdf,DigiKey Link,http://digikey.com/product-detail/en/luminus-devices-inc/MP-3030-1100-27-90/1214-1335-1-ND/5731648,"","","","","","","","","90","240mA","150mA",LED MID PWR 2700K 90CRI 3030,"1212 (3030 Metric)","55lm (Typ)","",footprints/Diodes/PCB - DIODES - LUMINUS MP-3030-110.PCBLIB,"","",LUMINUS MP-3030-110,"","","0.020 (0.52mm)","2020-09-02 01:22:42.810000",Active,"122 lm/W",Luminus Devices Inc.,MP-3030-1100-27-90,"1",Surface Mount,"1212 (3030 Metric)",TapeAndReel,"7",Active,"0.07",MP-3030,"0.118 L x 0.118 W (3.00mm x 3.00mm)",DigiKey,"1214-1335-1-ND","","","","","","","","","","","3030",symbols/Diodes/SCH - DIODES - LED.SCHLIB,LED,"","","110°","3V"
"3500K","White, Warm",=Part Number,Datasheet,https://download.luminus.com/datasheets/Luminus_MP3030_1100_Datasheet.pdf,DigiKey Link,http://digikey.com/product-detail/en/luminus-devices-inc/MP-3030-1100-35-90/1214-1341-1-ND/5731654,"","","","","","","","","90","240mA","150mA",LED MID PWR 3500K 90CRI 3030,"1212 (3030 Metric)","58lm (Typ)","",footprints/Diodes/PCB - DIODES - LUMINUS MP-3030-110.PCBLIB,"","",LUMINUS MP-3030-110,"","","0.020 (0.52mm)","2020-09-02 01:22:42.807000",Active,"129 lm/W",Luminus Devices Inc.,MP-3030-1100-35-90,"1",Surface Mount,"1212 (3030 Metric)",TapeAndReel,"8",Active,"0.07",MP-3030,"0.118 L x 0.118 W (3.00mm x 3.00mm)",DigiKey,"1214-1341-1-ND","","","","","","","","","","","3030",symbols/Diodes/SCH - DIODES - LED.SCHLIB,LED,"","","110°","3V"
"5000K","White, Cool",=Part Number,Datasheet,https://download.luminus.com/datasheets/Luminus_MP3030_1100_Datasheet.pdf,DigiKey Link,http://digikey.com/product-detail/en/luminus-devices-inc/MP-3030-1100-50-80/1214-1347-1-ND/5731660,"","","","","","","","","80","240mA","150mA",LED MID PWR 5000K 80CRI 3030,"1212 (3030 Metric)","67lm (Typ)","",footprints/Diodes/PCB - DIODES - LUMINUS MP-3030-110.PCBLIB,"","",LUMINUS MP-3030-110,"","","0.020 (0.52mm)","2020-09-02 01:22:42.800000",Active,"149 lm/W",Luminus Devices Inc.,MP-3030-1100-50-80,"1",Surface Mount,"1212 (3030 Metric)",TapeAndReel,"9",Active,"0.06",MP-3030,"0.118 L x 0.118 W (3.00mm x 3.00mm)",DigiKey,"1214-1347-1-ND","","","","","","","","","","","3030",symbols/Diodes/SCH - DIODES - LED.SCHLIB,LED,"","","110°","3V"
"4000K","White, Neutral",=Part Number,Datasheet,https://download.luminus.com/datasheets/Luminus_MP3030_1100_Datasheet.pdf,DigiKey Link,http://digikey.com/product-detail/en/luminus-devices-inc/MP-3030-1100-40-90/1214-1344-1-ND/5731657,"","","","","","","","","90","240mA","150mA",LED MID PWR 4000K 90CRI 3030,"1212 (3030 Metric)","60lm (Typ)","",footprints/Diodes/PCB - DIODES - LUMINUS MP-3030-110.PCBLIB,"","",LUMINUS MP-3030-110,"","","0.020 (0.52mm)","2020-09-02 01:22:42.797000",Active,"133 lm/W",Luminus Devices Inc.,MP-3030-1100-40-90,"1",Surface Mount,"1212 (3030 Metric)",TapeAndReel,"10",Active,"0.07",MP-3030,"0.118 L x 0.118 W (3.00mm x 3.00mm)",DigiKey,"1214-1344-1-ND","","","","","","","","","","","3030",symbols/Diodes/SCH - DIODES - LED.SCHLIB,LED,"","","110°","3V"
"4000K","White, Neutral",=Part Number,Datasheet,https://download.luminus.com/datasheets/Luminus_MP3030_1100_Datasheet.pdf,DigiKey Link,http://digikey.com/product-detail/en/luminus-devices-inc/MP-3030-1100-40-70/1214-1342-1-ND/5731655,"","","","","","","","","70","240mA","150mA",LED MID PWR 4000K 70CRI 3030,"1212 (3030 Metric)","73lm (Typ)","",footprints/Diodes/PCB - DIODES - LUMINUS MP-3030-110.PCBLIB,"","",LUMINUS MP-3030-110,"","","0.020 (0.52mm)","2020-09-02 01:22:42.793000",Active,"162 lm/W",Luminus Devices Inc.,MP-3030-1100-40-70,"1",Surface Mount,"1212 (3030 Metric)",TapeAndReel,"11",Active,"0.06",MP-3030,"0.118 L x 0.118 W (3.00mm x 3.00mm)",DigiKey,"1214-1342-1-ND","","","","","","","","","","","3030",symbols/Diodes/SCH - DIODES - LED.SCHLIB,LED,"","","110°","3V"
"3500K","White, Warm",=Part Number,Datasheet,https://download.luminus.com/datasheets/Luminus_MP3030_1100_Datasheet.pdf,DigiKey Link,http://digikey.com/product-detail/en/luminus-devices-inc/MP-3030-1100-35-80/1214-1340-1-ND/5731653,"","","","","","","","","80","240mA","150mA",LED MID PWR 3500K 80CRI 3030,"1212 (3030 Metric)","64lm (Typ)","",footprints/Diodes/PCB - DIODES - LUMINUS MP-3030-110.PCBLIB,"","",LUMINUS MP-3030-110,"","","0.020 (0.52mm)","2020-09-02 01:22:42.790000",Active,"142 lm/W",Luminus Devices Inc.,MP-3030-1100-35-80,"1",Surface Mount,"1212 (3030 Metric)",TapeAndReel,"12",Active,"0.06",MP-3030,"0.118 L x 0.118 W (3.00mm x 3.00mm)",DigiKey,"1214-1340-1-ND","","","","","","","","","","","3030",symbols/Diodes/SCH - DIODES - LED.SCHLIB,LED,"","","110°","3V"
"3000K","White, Warm",=Part Number,Datasheet,https://download.luminus.com/datasheets/Luminus_MP3030_1100_Datasheet.pdf,DigiKey Link,http://digikey.com/product-detail/en/luminus-devices-inc/MP-3030-1100-30-80/1214-1337-1-ND/5731650,"","","","","","","","","80","240mA","150mA",LED MID PWR 3000K 80CRI 3030,"1212 (3030 Metric)","62lm (Typ)","",footprints/Diodes/PCB - DIODES - LUMINUS MP-3030-110.PCBLIB,"","",LUMINUS MP-3030-110,"","","0.020 (0.52mm)","2020-09-02 01:22:42.787000",Active,"138 lm/W",Luminus Devices Inc.,MP-3030-1100-30-80,"1",Surface Mount,"1212 (3030 Metric)",TapeAndReel,"13",Active,"0.06",MP-3030,"0.118 L x 0.118 W (3.00mm x 3.00mm)",DigiKey,"1214-1337-1-ND","","","","","","","","","","","3030",symbols/Diodes/SCH - DIODES - LED.SCHLIB,LED,"","","110°","3V"
"4000K","White, Neutral",=Part Number,Datasheet,https://download.luminus.com/datasheets/Luminus_MP3030_1100_Datasheet.pdf,DigiKey Link,http://digikey.com/product-detail/en/luminus-devices-inc/MP-3030-1100-40-80/1214-1343-1-ND/5731656,"","","","","","","","","80","240mA","150mA",LED MID PWR 4000K 80CRI 3030,"1212 (3030 Metric)","67lm (Typ)","",footprints/Diodes/PCB - DIODES - LUMINUS MP-3030-110.PCBLIB,"","",LUMINUS MP-3030-110,"","","0.020 (0.52mm)","2020-09-02 01:22:42.783000",Active,"149 lm/W",Luminus Devices Inc.,MP-3030-1100-40-80,"1",Surface Mount,"1212 (3030 Metric)",TapeAndReel,"14",Active,"0.06",MP-3030,"0.118 L x 0.118 W (3.00mm x 3.00mm)",DigiKey,"1214-1343-1-ND","","","","","","","","","","","3030",symbols/Diodes/SCH - DIODES - LED.SCHLIB,LED,"","","110°","3V"
"4000K","White, Neutral",=Part Number,Datasheet,https://download.luminus.com/datasheets/Luminus_MP3030_1100_Datasheet.pdf,DigiKey Link,http://digikey.com/product-detail/en/luminus-devices-inc/MP-3030-1100-40-95/1214-1345-1-ND/5731658,"","","","","","","","","95","240mA","150mA",LED MID PWR 4000K 95CRI 3030,"1212 (3030 Metric)","54lm (Typ)","",footprints/Diodes/PCB - DIODES - LUMINUS MP-3030-110.PCBLIB,"","",LUMINUS MP-3030-110,"","","0.020 (0.52mm)","2020-09-02 01:22:42.763000",Active,"120 lm/W",Luminus Devices Inc.,MP-3030-1100-40-95,"1",Surface Mount,"1212 (3030 Metric)",TapeAndReel,"15",Active,"0.07",MP-3030,"0.118 L x 0.118 W (3.00mm x 3.00mm)",DigiKey,"1214-1345-1-ND","","","","","","","","","","","3030",symbols/Diodes/SCH - DIODES - LED.SCHLIB,LED,"","","110°","3V"
"5700K","White, Cool",=Part Number,Datasheet,https://download.luminus.com/datasheets/Luminus_MP3030_1100_Datasheet.pdf,DigiKey Link,http://digikey.com/product-detail/en/luminus-devices-inc/MP-3030-1100-57-70/1214-1349-1-ND/5731662,"","","","","","","","","70","240mA","150mA",LED MID PWR 5700K 70CRI 3030,"1212 (3030 Metric)","78lm (Typ)","",footprints/Diodes/PCB - DIODES - LUMINUS MP-3030-110.PCBLIB,"","",LUMINUS MP-3030-110,"","","0.020 (0.52mm)","2020-09-02 01:22:42.760000",Active,"173 lm/W",Luminus Devices Inc.,MP-3030-1100-57-70,"1",Surface Mount,"1212 (3030 Metric)",TapeAndReel,"16",Active,"0.06",MP-3030,"0.118 L x 0.118 W (3.00mm x 3.00mm)",DigiKey,"1214-1349-1-ND","","","","","","","","","","","3030",symbols/Diodes/SCH - DIODES - LED.SCHLIB,LED,"","","110°","3V"
"2200K","White, Warm",=Part Number,Datasheet,https://download.luminus.com/datasheets/Luminus_MP3030_1100_Datasheet.pdf,DigiKey Link,http://digikey.com/product-detail/en/luminus-devices-inc/MP-3030-1100-22-80/1214-1333-1-ND/5731646,"","","","","","","","","80","240mA","150mA",LED MID PWR 2200K 80CRI 3030,"1212 (3030 Metric)","55lm (Typ)","",footprints/Diodes/PCB - DIODES - LUMINUS MP-3030-110.PCBLIB,"","",LUMINUS MP-3030-110,"","","0.020 (0.52mm)","2020-09-02 01:22:42.757000",Active,"122 lm/W",Luminus Devices Inc.,MP-3030-1100-22-80,"1",Surface Mount,"1212 (3030 Metric)",TapeAndReel,"17",Active,"0.06",MP-3030,"0.118 L x 0.118 W (3.00mm x 3.00mm)",DigiKey,"1214-1333-1-ND","","","","","","","","","","","3030",symbols/Diodes/SCH - DIODES - LED.SCHLIB,LED,"","","110°","3V"
"3000K","White, Warm",=Part Number,Datasheet,https://download.luminus.com/datasheets/Luminus_MP3030_1100_Datasheet.pdf,DigiKey Link,http://digikey.com/product-detail/en/luminus-devices-inc/MP-3030-1100-30-90/1214-1338-1-ND/5731651,"","","","","","","","","90","240mA","150mA",LED MID PWR 3000K 90CRI 3030,"1212 (3030 Metric)","56lm (Typ)","",footprints/Diodes/PCB - DIODES - LUMINUS MP-3030-110.PCBLIB,"","",LUMINUS MP-3030-110,"","","0.020 (0.52mm)","2020-09-02 01:22:42.750000",Active,"124 lm/W",Luminus Devices Inc.,MP-3030-1100-30-90,"1",Surface Mount,"1212 (3030 Metric)",TapeAndReel,"18",Active,"0.07",MP-3030,"0.118 L x 0.118 W (3.00mm x 3.00mm)",DigiKey,"1214-1338-1-ND","","","","","","","","","","","3030",symbols/Diodes/SCH - DIODES - LED.SCHLIB,LED,"","","110°","3V"
"3000K","",=Part Number,Datasheet,https://www.cree.com/led-components/media/documents/data-sheet-JSeries-2835-3v.pdf,DigiKey Link,http://digikey.com/product-detail/en/cree-inc/JE2835AWT-00-0000-000A0ZF730E/JE2835AWT-00-0000-000A0ZF730ECT-ND/9974661,"","","","","","","","","95","240mA","150mA",LED WHT 95 CRI 3000K JE2835 3V,"1113 (2835 Metric)","55lm (Typ)","",footprints/LED/PCB - LED - CREE J 2835.PcbLib,"","",CREE J 2835,"","","","2020-09-02 01:30:24.180000",Active,"122 lm/W",Cree Inc.,JE2835AWT-00-0000-000A0ZF730E,"1",Surface Mount,"1113 (2835 Metric)",TapeAndReel,"19","1113 (2835 Metric)","0.03",J,"",DigiKey,JE2835AWT-00-0000-000A0ZF730ECT-ND,"","","","","","","","","","",SMD,symbols/Diodes/SCH - DIODES - LED.SCHLIB,LED,"","","120°","3V"
"2700K","",=Part Number,Datasheet,https://www.cree.com/led-components/media/documents/data-sheet-JSeries-2835-3v.pdf,DigiKey Link,http://digikey.com/product-detail/en/cree-inc/JE2835AWT-00-0000-000A0ZF627E/JE2835AWT-00-0000-000A0ZF627ECT-ND/9974660,"","","","","","","","","95","240mA","150mA",LED WHT 95 CRI 2700K JE2835 3V,"1113 (2835 Metric)","50lm (Typ)","",footprints/LED/PCB - LED - CREE J 2835.PcbLib,"","",CREE J 2835,"","","","2020-09-02 01:30:24.200000",Active,"111 lm/W",Cree Inc.,JE2835AWT-00-0000-000A0ZF627E,"1",Surface Mount,"1113 (2835 Metric)",TapeAndReel,"20","1113 (2835 Metric)","0.03",J,"",DigiKey,JE2835AWT-00-0000-000A0ZF627ECT-ND,"","","","","","","","","","",SMD,symbols/Diodes/SCH - DIODES - LED.SCHLIB,LED,"","","120°","3V"
"4000K","",=Part Number,Datasheet,https://www.cree.com/led-components/media/documents/data-sheet-JSeries-2835-3v.pdf,DigiKey Link,http://digikey.com/product-detail/en/cree-inc/JE2835AWT-00-0000-000A0ZF940E/JE2835AWT-00-0000-000A0ZF940ECT-ND/9974662,"","","","","","","","","95","240mA","150mA",LED WHT 95 CRI 4000K JE2835 3V,"1113 (2835 Metric)","60lm (Typ)","",footprints/LED/PCB - LED - CREE J 2835.PcbLib,"","",CREE J 2835,"","","","2020-09-02 01:30:24.203000",Active,"133 lm/W",Cree Inc.,JE2835AWT-00-0000-000A0ZF940E,"1",Surface Mount,"1113 (2835 Metric)",TapeAndReel,"21","1113 (2835 Metric)","0.03",J,"",DigiKey,JE2835AWT-00-0000-000A0ZF940ECT-ND,"","","","","","","","","","",SMD,symbols/Diodes/SCH - DIODES - LED.SCHLIB,LED,"","","120°","3V"
"5700K","",=Part Number,Datasheet,https://www.cree.com/led-components/media/documents/data-sheet-JSeries-2835-3v.pdf,DigiKey Link,http://digikey.com/product-detail/en/cree-inc/JE2835AWT-00-0000-000A0UF957E/JE2835AWT-00-0000-000A0UF957ECT-ND/9974563,"","","","","","","","","90","240mA","150mA",CREE J SERIES JE2835 LIGHT EMITT,"1113 (2835 Metric)","64lm (Typ)","",footprints/LED/PCB - LED - CREE J 2835.PcbLib,"","",CREE J 2835,"","","","2020-09-02 01:30:24.207000",Active,"142 lm/W",Cree Inc.,JE2835AWT-00-0000-000A0UF957E,"1",Surface Mount,"1113 (2835 Metric)",TapeAndReel,"22","1113 (2835 Metric)","0.02",J,"",DigiKey,JE2835AWT-00-0000-000A0UF957ECT-ND,"","","","","","","","","","",SMD,symbols/Diodes/SCH - DIODES - LED.SCHLIB,LED,"","","120°","3V"
"6500K","",=Part Number,Datasheet,https://www.cree.com/led-components/media/documents/data-sheet-JSeries-2835-3v.pdf,DigiKey Link,http://digikey.com/product-detail/en/cree-inc/JE2835AWT-00-0000-000A0UF965E/JE2835AWT-00-0000-000A0UF965ECT-ND/9974564,"","","","","","","","","90","240mA","150mA",CREE J SERIES JE2835 LIGHT EMITT,"1113 (2835 Metric)","64lm (Typ)","",footprints/LED/PCB - LED - CREE J 2835.PcbLib,"","",CREE J 2835,"","","","2020-09-02 01:30:24.227000",Active,"142 lm/W",Cree Inc.,JE2835AWT-00-0000-000A0UF965E,"1",Surface Mount,"1113 (2835 Metric)",TapeAndReel,"23","1113 (2835 Metric)","0.02",J,"",DigiKey,JE2835AWT-00-0000-000A0UF965ECT-ND,"","","","","","","","","","",SMD,symbols/Diodes/SCH - DIODES - LED.SCHLIB,LED,"","","120°","3V"
"6500K","",=Part Number,Datasheet,https://www.cree.com/led-components/media/documents/data-sheet-JSeries-2835-3v.pdf,DigiKey Link,http://digikey.com/product-detail/en/cree-inc/JE2835AWT-00-0000-000A0HG965E/JE2835AWT-00-0000-000A0HG965ECT-ND/9974556,"","","","","","","","","80","240mA","150mA",CREE J SERIES JE2835 LIGHT EMITT,"1113 (2835 Metric)","75lm (Typ)","",footprints/LED/PCB - LED - CREE J 2835.PcbLib,"","",CREE J 2835,"","","","2020-09-02 01:30:24.230000",Active,"167 lm/W",Cree Inc.,JE2835AWT-00-0000-000A0HG965E,"1",Surface Mount,"1113 (2835 Metric)",TapeAndReel,"24","1113 (2835 Metric)","0.02",J,"",DigiKey,JE2835AWT-00-0000-000A0HG965ECT-ND,"","","","","","","","","","",SMD,symbols/Diodes/SCH - DIODES - LED.SCHLIB,LED,"","","120°","3V"
"4000K","",=Part Number,Datasheet,https://www.cree.com/led-components/media/documents/data-sheet-JSeries-2835-3v.pdf,DigiKey Link,http://digikey.com/product-detail/en/cree-inc/JE2835AWT-00-0000-000A0UF940E/JE2835AWT-00-0000-000A0UF940ECT-ND/9974560,"","","","","","","","","90","240mA","150mA",CREE J SERIES JE2835 LIGHT EMITT,"1113 (2835 Metric)","64lm (Typ)","",footprints/LED/PCB - LED - CREE J 2835.PcbLib,"","",CREE J 2835,"","","","2020-09-02 01:30:24.237000",Active,"142 lm/W",Cree Inc.,JE2835AWT-00-0000-000A0UF940E,"1",Surface Mount,"1113 (2835 Metric)",TapeAndReel,"25","1113 (2835 Metric)","0.02",J,"",DigiKey,JE2835AWT-00-0000-000A0UF940ECT-ND,"","","","","","","","","","",SMD,symbols/Diodes/SCH - DIODES - LED.SCHLIB,LED,"","","120°","3V"
"5000K","",=Part Number,Datasheet,https://www.cree.com/led-components/media/documents/data-sheet-JSeries-2835-3v.pdf,DigiKey Link,http://digikey.com/product-detail/en/cree-inc/JE2835AWT-00-0000-000A0UF950E/JE2835AWT-00-0000-000A0UF950ECT-ND/9974562,"","","","","","","","","90","240mA","150mA",CREE J SERIES JE2835 LIGHT EMITT,"1113 (2835 Metric)","64lm (Typ)","",footprints/LED/PCB - LED - CREE J 2835.PcbLib,"","",CREE J 2835,"","","","2020-09-02 01:30:24.240000",Active,"142 lm/W",Cree Inc.,JE2835AWT-00-0000-000A0UF950E,"1",Surface Mount,"1113 (2835 Metric)",TapeAndReel,"26","1113 (2835 Metric)","0.02",J,"",DigiKey,JE2835AWT-00-0000-000A0UF950ECT-ND,"","","","","","","","","","",SMD,symbols/Diodes/SCH - DIODES - LED.SCHLIB,LED,"","","120°","3V"
"6500K","",=Part Number,Datasheet,https://www.cree.com/led-components/media/documents/data-sheet-JSeries-2835-3v.pdf,DigiKey Link,http://digikey.com/product-detail/en/cree-inc/JE2835AWT-00-0000-000A0BH665E/JE2835AWT-00-0000-000A0BH665ECT-ND/9974550,"","","","","","","","","70","240mA","150mA",CREE J SERIES JE2835 LIGHT EMITT,"1113 (2835 Metric)","80lm (Typ)","",footprints/LED/PCB - LED - CREE J 2835.PcbLib,"","",CREE J 2835,"","","","2020-09-02 01:30:24.243000",Active,"178 lm/W",Cree Inc.,JE2835AWT-00-0000-000A0BH665E,"1",Surface Mount,"1113 (2835 Metric)",TapeAndReel,"27","1113 (2835 Metric)","0.02",J,"",DigiKey,JE2835AWT-00-0000-000A0BH665ECT-ND,"","","","","","","","","","",SMD,symbols/Diodes/SCH - DIODES - LED.SCHLIB,LED,"","","120°","3V"
"5000K","",=Part Number,Datasheet,https://www.cree.com/led-components/media/documents/data-sheet-JSeries-2835-3v.pdf,DigiKey Link,http://digikey.com/product-detail/en/cree-inc/JE2835AWT-00-0000-000A0HG950E/JE2835AWT-00-0000-000A0HG950ECT-ND/9974555,"","","","","","","","","80","240mA","150mA",CREE J SERIES JE2835 LIGHT EMITT,"1113 (2835 Metric)","75lm (Typ)","",footprints/LED/PCB - LED - CREE J 2835.PcbLib,"","",CREE J 2835,"","","","2020-09-02 01:30:24.247000",Active,"167 lm/W",Cree Inc.,JE2835AWT-00-0000-000A0HG950E,"1",Surface Mount,"1113 (2835 Metric)",TapeAndReel,"28","1113 (2835 Metric)","0.02",J,"",DigiKey,JE2835AWT-00-0000-000A0HG950ECT-ND,"","","","","","","","","","",SMD,symbols/Diodes/SCH - DIODES - LED.SCHLIB,LED,"","","120°","3V"
"2700K","",=Part Number,Datasheet,https://www.cree.com/led-components/media/documents/data-sheet-JSeries-2835-3v.pdf,DigiKey Link,http://digikey.com/product-detail/en/cree-inc/JE2835AWT-00-0000-000A0UF827E/JE2835AWT-00-0000-000A0UF827ECT-ND/9974557,"","","","","","","","","90","240mA","150mA",CREE J SERIES JE2835 LIGHT EMITT,"1113 (2835 Metric)","58lm (Typ)","",footprints/LED/PCB - LED - CREE J 2835.PcbLib,"","",CREE J 2835,"","","","2020-09-02 01:30:24.253000",Active,"129 lm/W",Cree Inc.,JE2835AWT-00-0000-000A0UF827E,"1",Surface Mount,"1113 (2835 Metric)",TapeAndReel,"29","1113 (2835 Metric)","0.02",J,"",DigiKey,JE2835AWT-00-0000-000A0UF827ECT-ND,"","","","","","","","","","",SMD,symbols/Diodes/SCH - DIODES - LED.SCHLIB,LED,"","","120°","3V"
"3000K 3-Step MacAdam Ellipse","",=Part Number,Datasheet,https://www.cree.com/led-components/media/documents/data-sheet-JSeries-2835-3v.pdf,DigiKey Link,http://digikey.com/product-detail/en/cree-inc/JB2835AWT-W-U30GA0000-N0000001/2138-JB2835AWT-W-U30GA0000-N0000001CT-ND/10820412,"","","","","","","","","90","150mA","60mA",LED WHITE  3000K JB2835 3V,"1113 (2835 Metric)","24lm (Typ)","22lm (Typ)",footprints/LED/PCB - LED - CREE J 2835.PcbLib,"","",CREE J 2835,"","","","2020-09-02 01:30:24.260000",Active,"136 lm/W",Cree Inc.,JB2835AWT-W-U30GA0000-N0000001,"1",Surface Mount,"1113 (2835 Metric)",TapeAndReel,"30","1113 (2835 Metric)","0.01",J,"",DigiKey,"2138-JB2835AWT-W-U30GA0000-N0000001CT-ND","","","","","","","","","","",SMD,symbols/Diodes/SCH - DIODES - LED.SCHLIB,LED,"","","120°","2.95V"
"3500K 3-Step MacAdam Ellipse","",=Part Number,Datasheet,https://www.cree.com/led-components/media/documents/data-sheet-JSeries-2835-3v.pdf,DigiKey Link,http://digikey.com/product-detail/en/cree-inc/JB2835AWT-W-U35GA0000-N0000001/2138-JB2835AWT-W-U35GA0000-N0000001CT-ND/10820393,"","","","","","","","","90","150mA","60mA",LED WHITE  3500K JB2835 3V,"1113 (2835 Metric)","25lm (Typ)","22lm (Typ)",footprints/LED/PCB - LED - CREE J 2835.PcbLib,"","",CREE J 2835,"","","","2020-09-02 01:30:24.280000",Active,"140 lm/W",Cree Inc.,JB2835AWT-W-U35GA0000-N0000001,"1",Surface Mount,"1113 (2835 Metric)",TapeAndReel,"31","1113 (2835 Metric)","0.01",J,"",DigiKey,"2138-JB2835AWT-W-U35GA0000-N0000001CT-ND","","","","","","","","","","",SMD,symbols/Diodes/SCH - DIODES - LED.SCHLIB,LED,"","","120°","2.95V"
"3000K 3-Step MacAdam Ellipse","",=Part Number,Datasheet,https://www.cree.com/led-components/media/documents/data-sheet-JSeries-2835-3v.pdf,DigiKey Link,http://digikey.com/product-detail/en/cree-inc/JB2835AWT-W-H30GA0000-N0000001/2138-JB2835AWT-W-H30GA0000-N0000001CT-ND/10820138,"","","","","","","","","80","150mA","60mA",LED WHITE  3000K JB2835 3V,"1113 (2835 Metric)","29lm (Typ)","26lm (Typ)",footprints/LED/PCB - LED - CREE J 2835.PcbLib,"","",CREE J 2835,"","","","2020-09-02 01:30:24.283000",Active,"164 lm/W",Cree Inc.,JB2835AWT-W-H30GA0000-N0000001,"1",Surface Mount,"1113 (2835 Metric)",TapeAndReel,"32","1113 (2835 Metric)","0.01",J,"",DigiKey,"2138-JB2835AWT-W-H30GA0000-N0000001CT-ND","","","","","","","","","","",SMD,symbols/Diodes/SCH - DIODES - LED.SCHLIB,LED,"","","120°","2.95V"
"4000K 3-Step MacAdam Ellipse","",=Part Number,Datasheet,https://www.cree.com/led-components/media/documents/data-sheet-JSeries-2835-3v.pdf,DigiKey Link,http://digikey.com/product-detail/en/cree-inc/JB2835AWT-W-H40GA0000-N0000001/2138-JB2835AWT-W-H40GA0000-N0000001CT-ND/10820409,"","","","","","","","","80","150mA","60mA",LED WHITE  4000K JB2835 3V,"1113 (2835 Metric)","30lm (Typ)","27lm (Typ)",footprints/LED/PCB - LED - CREE J 2835.PcbLib,"","",CREE J 2835,"","","","2020-09-02 01:30:24.290000",Active,"169 lm/W",Cree Inc.,JB2835AWT-W-H40GA0000-N0000001,"1",Surface Mount,"1113 (2835 Metric)",TapeAndReel,"33","1113 (2835 Metric)","0.01",J,"",DigiKey,"2138-JB2835AWT-W-H40GA0000-N0000001CT-ND","","","","","","","","","","",SMD,symbols/Diodes/SCH - DIODES - LED.SCHLIB,LED,"","","120°","2.95V"
"3500K 3-Step MacAdam Ellipse","",=Part Number,Datasheet,https://www.cree.com/led-components/media/documents/data-sheet-JSeries-2835-3v.pdf,DigiKey Link,http://digikey.com/product-detail/en/cree-inc/JB2835AWT-W-H35GA0000-N0000001/2138-JB2835AWT-W-H35GA0000-N0000001CT-ND/10820280,"","","","","","","","","80","150mA","60mA",LED WHITE  3500K JB2835 3V,"1113 (2835 Metric)","29lm (Typ)","26lm (Typ)",footprints/LED/PCB - LED - CREE J 2835.PcbLib,"","",CREE J 2835,"","","","2020-09-02 01:30:24.293000",Active,"164 lm/W",Cree Inc.,JB2835AWT-W-H35GA0000-N0000001,"1",Surface Mount,"1113 (2835 Metric)",TapeAndReel,"34","1113 (2835 Metric)","0.01",J,"",DigiKey,"2138-JB2835AWT-W-H35GA0000-N0000001CT-ND","","","","","","","","","","",SMD,symbols/Diodes/SCH - DIODES - LED.SCHLIB,LED,"","","120°","2.95V"
"5700K","",=Part Number,Datasheet,https://www.cree.com/led-components/media/documents/data-sheet-JSeries-2835.pdf,DigiKey Link,http://digikey.com/product-detail/en/cree-inc/JK2835AWT-P-H57EB0000-N0000001/2138-JK2835AWT-P-H57EB0000-N0000001CT-ND/9974565,"","","","","","","","","80","200mA","150mA",CREE J SERIES JK2835 LIGHT EMITT,"1113 (2835 Metric)","144lm (Typ)","",footprints/LED/PCB - LED - CREE J 2835.PcbLib,"","",CREE J 2835,"","","","2020-09-02 01:30:24.297000",Active,"155 lm/W",Cree Inc.,JK2835AWT-P-H57EB0000-N0000001,"1",Surface Mount,"1113 (2835 Metric)",TapeAndReel,"35","1113 (2835 Metric)","0.05",J,"",DigiKey,"2138-JK2835AWT-P-H57EB0000-N0000001CT-ND","","","","","","","","","","",SMD,symbols/Diodes/SCH - DIODES - LED.SCHLIB,LED,"","","120°","6.2V"
"3500K 3-Step MacAdam Ellipse","",=Part Number,Datasheet,https://www.cree.com/led-components/media/documents/data-sheet-JSeries-2835.pdf,DigiKey Link,http://digikey.com/product-detail/en/cree-inc/JK2835BWT-W-U35EB0000-N0000001/2138-JK2835BWT-W-U35EB0000-N0000001CT-ND/10820477,"","","","","","","","","90","200mA","150mA",LED WHITE  3500K JK2835B 6V,"1113 (2835 Metric)","113lm (Typ)","99lm (Typ)",footprints/LED/PCB - LED - CREE J 2835.PcbLib,"","",CREE J 2835,"","","","2020-09-02 01:30:24.317000",Active,"119 lm/W",Cree Inc.,JK2835BWT-W-U35EB0000-N0000001,"1",Surface Mount,"1113 (2835 Metric)",TapeAndReel,"36","1113 (2835 Metric)","0.03",J,"",DigiKey,"2138-JK2835BWT-W-U35EB0000-N0000001CT-ND","","","","","","","","","","",SMD,symbols/Diodes/SCH - DIODES - LED.SCHLIB,LED,"","","120°","6.35V"
"4000K 3-Step MacAdam Ellipse","",=Part Number,Datasheet,https://www.cree.com/led-components/media/documents/data-sheet-JSeries-2835.pdf,DigiKey Link,http://digikey.com/product-detail/en/cree-inc/JK2835BWT-W-U40EB0000-N0000001/2138-JK2835BWT-W-U40EB0000-N0000001CT-ND/10820231,"","","","","","","","","90","200mA","150mA",LED WHITE  4000K JK2835B 6V,"1113 (2835 Metric)","118lm (Typ)","103lm (Typ)",footprints/LED/PCB - LED - CREE J 2835.PcbLib,"","",CREE J 2835,"","","","2020-09-02 01:30:24.330000",Active,"124 lm/W",Cree Inc.,JK2835BWT-W-U40EB0000-N0000001,"1",Surface Mount,"1113 (2835 Metric)",TapeAndReel,"37","1113 (2835 Metric)","0.03",J,"",DigiKey,"2138-JK2835BWT-W-U40EB0000-N0000001CT-ND","","","","","","","","","","",SMD,symbols/Diodes/SCH - DIODES - LED.SCHLIB,LED,"","","120°","6.35V"
"3000K 3-Step MacAdam Ellipse","",=Part Number,Datasheet,https://www.cree.com/led-components/media/documents/data-sheet-JSeries-2835.pdf,DigiKey Link,http://digikey.com/product-detail/en/cree-inc/JK2835BWT-W-U30EB0000-N0000001/2138-JK2835BWT-W-U30EB0000-N0000001CT-ND/10820202,"","","","","","","","","90","200mA","150mA",LED WHITE  3000K JK2835B 6V,"1113 (2835 Metric)","111lm (Typ)","97lm (Typ)",footprints/LED/PCB - LED - CREE J 2835.PcbLib,"","",CREE J 2835,"","","","2020-09-02 01:30:24.343000",Active,"117 lm/W",Cree Inc.,JK2835BWT-W-U30EB0000-N0000001,"1",Surface Mount,"1113 (2835 Metric)",TapeAndReel,"38","1113 (2835 Metric)","0.03",J,"",DigiKey,"2138-JK2835BWT-W-U30EB0000-N0000001CT-ND","","","","","","","","","","",SMD,symbols/Diodes/SCH - DIODES - LED.SCHLIB,LED,"","","120°","6.35V"
"4000K 3-Step MacAdam Ellipse","",=Part Number,Datasheet,https://www.cree.com/led-components/media/documents/data-sheet-JSeries-2835.pdf,DigiKey Link,http://digikey.com/product-detail/en/cree-inc/JK2835BWT-W-H40EB0000-N0000001/2138-JK2835BWT-W-H40EB0000-N0000001CT-ND/10820334,"","","","","","","","","80","200mA","150mA",LED WHITE  4000K JK2835B 6V,"1113 (2835 Metric)","137lm (Typ)","120lm (Typ)",footprints/LED/PCB - LED - CREE J 2835.PcbLib,"","",CREE J 2835,"","","","2020-09-02 01:30:24.347000",Active,"144 lm/W",Cree Inc.,JK2835BWT-W-H40EB0000-N0000001,"1",Surface Mount,"1113 (2835 Metric)",TapeAndReel,"39","1113 (2835 Metric)","0.03",J,"",DigiKey,"2138-JK2835BWT-W-H40EB0000-N0000001CT-ND","","","","","","","","","","",SMD,symbols/Diodes/SCH - DIODES - LED.SCHLIB,LED,"","","120°","6.35V"
"3000K 3-Step MacAdam Ellipse","",=Part Number,Datasheet,https://www.cree.com/led-components/media/documents/data-sheet-JSeries-2835.pdf,DigiKey Link,http://digikey.com/product-detail/en/cree-inc/JK2835BWT-W-H30EB0000-N0000001/2138-JK2835BWT-W-H30EB0000-N0000001CT-ND/10820478,"","","","","","","","","80","200mA","150mA",LED WHITE  3000K JK2835B 6V,"1113 (2835 Metric)","131lm (Typ)","115lm (Typ)",footprints/LED/PCB - LED - CREE J 2835.PcbLib,"","",CREE J 2835,"","","","2020-09-02 01:30:24.350000",Active,"138 lm/W",Cree Inc.,JK2835BWT-W-H30EB0000-N0000001,"1",Surface Mount,"1113 (2835 Metric)",TapeAndReel,"40","1113 (2835 Metric)","0.03",J,"",DigiKey,"2138-JK2835BWT-W-H30EB0000-N0000001CT-ND","","","","","","","","","","",SMD,symbols/Diodes/SCH - DIODES - LED.SCHLIB,LED,"","","120°","6.35V"
"3500K 3-Step MacAdam Ellipse","",=Part Number,Datasheet,https://www.cree.com/led-components/media/documents/data-sheet-JSeries-2835.pdf,DigiKey Link,http://digikey.com/product-detail/en/cree-inc/JK2835BWT-W-H35EB0000-N0000001/2138-JK2835BWT-W-H35EB0000-N0000001CT-ND/10820145,"","","","","","","","","80","200mA","150mA",LED WHITE  3500K JK2835B 6V,"1113 (2835 Metric)","133lm (Typ)","117lm (Typ)",footprints/LED/PCB - LED - CREE J 2835.PcbLib,"","",CREE J 2835,"","","","2020-09-02 01:30:24.350000",Active,"140 lm/W",Cree Inc.,JK2835BWT-W-H35EB0000-N0000001,"1",Surface Mount,"1113 (2835 Metric)",TapeAndReel,"41","1113 (2835 Metric)","0.03",J,"",DigiKey,"2138-JK2835BWT-W-H35EB0000-N0000001CT-ND","","","","","","","","","","",SMD,symbols/Diodes/SCH - DIODES - LED.SCHLIB,LED,"","","120°","6.35V"
"4500K","",=Part Number,Datasheet,https://www.cree.com/led-components/media/documents/data-sheet-JSeries-2835-3v.pdf,DigiKey Link,http://digikey.com/product-detail/en/cree-inc/JE2835AWT-00-0000-000A0UF945E/JE2835AWT-00-0000-000A0UF945ECT-ND/9974561,"","","","","","","","","90","240mA","150mA",CREE J SERIES JE2835 LIGHT EMITT,"1113 (2835 Metric)","64lm (Typ)","",footprints/LED/PCB - LED - CREE J 2835.PcbLib,"","",CREE J 2835,"","","","2020-09-02 01:30:24.357000",Active,"142 lm/W",Cree Inc.,JE2835AWT-00-0000-000A0UF945E,"1",Surface Mount,"1113 (2835 Metric)",TapeAndReel,"42","1113 (2835 Metric)","0.02",J,"",DigiKey,JE2835AWT-00-0000-000A0UF945ECT-ND,"","","","","","","","","","",SMD,symbols/Diodes/SCH - DIODES - LED.SCHLIB,LED,"","","120°","3V"
"3500K","",=Part Number,Datasheet,https://www.cree.com/led-components/media/documents/data-sheet-JSeries-2835-3v.pdf,DigiKey Link,http://digikey.com/product-detail/en/cree-inc/JE2835AWT-00-0000-000A0UF835E/JE2835AWT-00-0000-000A0UF835ECT-ND/9974559,"","","","","","","","","90","240mA","150mA",CREE J SERIES JE2835 LIGHT EMITT,"1113 (2835 Metric)","61lm (Typ)","",footprints/LED/PCB - LED - CREE J 2835.PcbLib,"","",CREE J 2835,"","","","2020-09-02 01:30:24.357000",Active,"136 lm/W",Cree Inc.,JE2835AWT-00-0000-000A0UF835E,"1",Surface Mount,"1113 (2835 Metric)",TapeAndReel,"43","1113 (2835 Metric)","0.02",J,"",DigiKey,JE2835AWT-00-0000-000A0UF835ECT-ND,"","","","","","","","","","",SMD,symbols/Diodes/SCH - DIODES - LED.SCHLIB,LED,"","","120°","3V"
"3000K 3-Step MacAdam Ellipse","",=Part Number,Datasheet,https://www.cree.com/led-components/media/documents/data-sheet-JSeries-2835-3v.pdf,DigiKey Link,http://digikey.com/product-detail/en/cree-inc/JE2835BWT-P-U30GA0000-N0000001/2138-JE2835BWT-P-U30GA0000-N0000001CT-ND/10820411,"","","","","","","","","90","240mA","150mA",LED WHITE  3000K JE2835B 3V,"1113 (2835 Metric)","60lm (Typ)","54lm (Typ)",footprints/LED/PCB - LED - CREE J 2835.PcbLib,"","",CREE J 2835,"","","","2020-09-02 01:30:24.360000",Active,"133 lm/W",Cree Inc.,JE2835BWT-P-U30GA0000-N0000001,"1",Surface Mount,"1113 (2835 Metric)",TapeAndReel,"44","1113 (2835 Metric)","0.02",J,"",DigiKey,"2138-JE2835BWT-P-U30GA0000-N0000001CT-ND","","","","","","","","","","",SMD,symbols/Diodes/SCH - DIODES - LED.SCHLIB,LED,"","","120°","3V"
"3500K 3-Step MacAdam Ellipse","",=Part Number,Datasheet,https://www.cree.com/led-components/media/documents/data-sheet-JSeries-2835-3v.pdf,DigiKey Link,http://digikey.com/product-detail/en/cree-inc/JE2835BWT-P-U35GA0000-N0000001/2138-JE2835BWT-P-U35GA0000-N0000001CT-ND/10820341,"","","","","","","","","90","240mA","150mA",LED WHITE  3500K JE2835B 3V,"1113 (2835 Metric)","62lm (Typ)","56lm (Typ)",footprints/LED/PCB - LED - CREE J 2835.PcbLib,"","",CREE J 2835,"","","","2020-09-02 01:30:24.377000",Active,"138 lm/W",Cree Inc.,JE2835BWT-P-U35GA0000-N0000001,"1",Surface Mount,"1113 (2835 Metric)",TapeAndReel,"45","1113 (2835 Metric)","0.02",J,"",DigiKey,"2138-JE2835BWT-P-U35GA0000-N0000001CT-ND","","","","","","","","","","",SMD,symbols/Diodes/SCH - DIODES - LED.SCHLIB,LED,"","","120°","3V"
"3000K","",=Part Number,Datasheet,https://www.cree.com/led-components/media/documents/data-sheet-JSeries-2835-3v.pdf,DigiKey Link,http://digikey.com/product-detail/en/cree-inc/JE2835AWT-00-0000-000A0UF830E/JE2835AWT-00-0000-000A0UF830ECT-ND/9974558,"","","","","","","","","90","240mA","150mA",CREE J SERIES JE2835 LIGHT EMITT,"1113 (2835 Metric)","59lm (Typ)","",footprints/LED/PCB - LED - CREE J 2835.PcbLib,"","",CREE J 2835,"","","","2020-09-02 01:30:24.383000",Active,"131 lm/W",Cree Inc.,JE2835AWT-00-0000-000A0UF830E,"1",Surface Mount,"1113 (2835 Metric)",TapeAndReel,"46","1113 (2835 Metric)","0.02",J,"",DigiKey,JE2835AWT-00-0000-000A0UF830ECT-ND,"","","","","","","","","","",SMD,symbols/Diodes/SCH - DIODES - LED.SCHLIB,LED,"","","120°","3V"
"4000K","",=Part Number,Datasheet,https://www.cree.com/led-components/media/documents/data-sheet-JSeries-2835-3v.pdf,DigiKey Link,http://digikey.com/product-detail/en/cree-inc/JE2835AWT-00-0000-000A0HG940E/JE2835AWT-00-0000-000A0HG940ECT-ND/9974554,"","","","","","","","","80","240mA","150mA",CREE J SERIES JE2835 LIGHT EMITT,"1113 (2835 Metric)","75lm (Typ)","",footprints/LED/PCB - LED - CREE J 2835.PcbLib,"","",CREE J 2835,"","","","2020-09-02 01:30:24.387000",Active,"167 lm/W",Cree Inc.,JE2835AWT-00-0000-000A0HG940E,"1",Surface Mount,"1113 (2835 Metric)",TapeAndReel,"47","1113 (2835 Metric)","0.02",J,"",DigiKey,JE2835AWT-00-0000-000A0HG940ECT-ND,"","","","","","","","","","",SMD,symbols/Diodes/SCH - DIODES - LED.SCHLIB,LED,"","","120°","3V"
"3000K","",=Part Number,Datasheet,https://www.cree.com/led-components/media/documents/data-sheet-JSeries-2835-3v.pdf,DigiKey Link,http://digikey.com/product-detail/en/cree-inc/JE2835AWT-00-0000-000A0HG830E/JE2835AWT-00-0000-000A0HG830ECT-ND/9974552,"","","","","","","","","80","240mA","150mA",CREE J SERIES JE2835 LIGHT EMITT,"1113 (2835 Metric)","70lm (Typ)","",footprints/LED/PCB - LED - CREE J 2835.PcbLib,"","",CREE J 2835,"","","","2020-09-02 01:30:24.390000",Active,"156 lm/W",Cree Inc.,JE2835AWT-00-0000-000A0HG830E,"1",Surface Mount,"1113 (2835 Metric)",TapeAndReel,"48","1113 (2835 Metric)","0.02",J,"",DigiKey,JE2835AWT-00-0000-000A0HG830ECT-ND,"","","","","","","","","","",SMD,symbols/Diodes/SCH - DIODES - LED.SCHLIB,LED,"","","120°","3V"
"2700K","",=Part Number,Datasheet,https://www.cree.com/led-components/media/documents/data-sheet-JSeries-2835-3v.pdf,DigiKey Link,http://digikey.com/product-detail/en/cree-inc/JE2835AWT-00-0000-000A0HG727E/JE2835AWT-00-0000-000A0HG727ECT-ND/9974551,"","","","","","","","","80","240mA","150mA",CREE J SERIES JE2835 LIGHT EMITT,"1113 (2835 Metric)","69lm (Typ)","",footprints/LED/PCB - LED - CREE J 2835.PcbLib,"","",CREE J 2835,"","","","2020-09-02 01:30:24.393000",Active,"153 lm/W",Cree Inc.,JE2835AWT-00-0000-000A0HG727E,"1",Surface Mount,"1113 (2835 Metric)",TapeAndReel,"49","1113 (2835 Metric)","0.02",J,"",DigiKey,JE2835AWT-00-0000-000A0HG727ECT-ND,"","","","","","","","","","",SMD,symbols/Diodes/SCH - DIODES - LED.SCHLIB,LED,"","","120°","3V"
"4000K","",=Part Number,Datasheet,https://www.cree.com/led-components/media/documents/data-sheet-JSeries-2835-3v.pdf,DigiKey Link,http://digikey.com/product-detail/en/cree-inc/JE2835AWT-00-0000-000A0BH640E/JE2835AWT-00-0000-000A0BH640ECT-ND/9974549,"","","","","","","","","70","240mA","150mA",CREE J SERIES JE2835 LIGHT EMITT,"1113 (2835 Metric)","79lm (Typ)","",footprints/LED/PCB - LED - CREE J 2835.PcbLib,"","",CREE J 2835,"","","","2020-09-02 01:30:24.397000",Active,"176 lm/W",Cree Inc.,JE2835AWT-00-0000-000A0BH640E,"1",Surface Mount,"1113 (2835 Metric)",TapeAndReel,"50","1113 (2835 Metric)","0.02",J,"",DigiKey,JE2835AWT-00-0000-000A0BH640ECT-ND,"","","","","","","","","","",SMD,symbols/Diodes/SCH - DIODES - LED.SCHLIB,LED,"","","120°","3V"
"3500K","",=Part Number,Datasheet,https://www.cree.com/led-components/media/documents/data-sheet-JSeries-2835-3v.pdf,DigiKey Link,http://digikey.com/product-detail/en/cree-inc/JE2835AWT-00-0000-000A0BG935E/JE2835AWT-00-0000-000A0BG935ECT-ND/9974548,"","","","","","","","","70","240mA","150mA",CREE J SERIES JE2835 LIGHT EMITT,"1113 (2835 Metric)","76lm (Typ)","",footprints/LED/PCB - LED - CREE J 2835.PcbLib,"","",CREE J 2835,"","","","2020-09-02 01:30:24.400000",Active,"169 lm/W",Cree Inc.,JE2835AWT-00-0000-000A0BG935E,"1",Surface Mount,"1113 (2835 Metric)",TapeAndReel,"51","1113 (2835 Metric)","0.02",J,"",DigiKey,JE2835AWT-00-0000-000A0BG935ECT-ND,"","","","","","","","","","",SMD,symbols/Diodes/SCH - DIODES - LED.SCHLIB,LED,"","","120°","3V"
"3000K","",=Part Number,Datasheet,https://www.cree.com/led-components/media/documents/data-sheet-JSeries-2835-3v.pdf,DigiKey Link,http://digikey.com/product-detail/en/cree-inc/JE2835AWT-00-0000-000A0BG930E/JE2835AWT-00-0000-000A0BG930ECT-ND/9974547,"","","","","","","","","70","240mA","150mA",CREE J SERIES JE2835 LIGHT EMITT,"1113 (2835 Metric)","74lm (Typ)","",footprints/LED/PCB - LED - CREE J 2835.PcbLib,"","",CREE J 2835,"","","","2020-09-02 01:30:24.403000",Active,"164 lm/W",Cree Inc.,JE2835AWT-00-0000-000A0BG930E,"1",Surface Mount,"1113 (2835 Metric)",TapeAndReel,"52","1113 (2835 Metric)","0.02",J,"",DigiKey,JE2835AWT-00-0000-000A0BG930ECT-ND,"","","","","","","","","","",SMD,symbols/Diodes/SCH - DIODES - LED.SCHLIB,LED,"","","120°","3V"
"2700K","",=Part Number,Datasheet,https://www.cree.com/led-components/media/documents/data-sheet-JSeries-2835-3v.pdf,DigiKey Link,http://digikey.com/product-detail/en/cree-inc/JE2835AWT-00-0000-000A0BG827E/JE2835AWT-00-0000-000A0BG827ECT-ND/9974546,"","","","","","","","","70","240mA","150mA",CREE J SERIES JE2835 LIGHT EMITT,"1113 (2835 Metric)","72lm (Typ)","",footprints/LED/PCB - LED - CREE J 2835.PcbLib,"","",CREE J 2835,"","","","2020-09-02 01:30:24.407000",Active,"160 lm/W",Cree Inc.,JE2835AWT-00-0000-000A0BG827E,"1",Surface Mount,"1113 (2835 Metric)",TapeAndReel,"53","1113 (2835 Metric)","0.02",J,"",DigiKey,JE2835AWT-00-0000-000A0BG827ECT-ND,"","","","","","","","","","",SMD,symbols/Diodes/SCH - DIODES - LED.SCHLIB,LED,"","","120°","3V"
"3500K","",=Part Number,Datasheet,https://www.cree.com/led-components/media/documents/data-sheet-JSeries-2835-3v.pdf,DigiKey Link,http://digikey.com/product-detail/en/cree-inc/JE2835AWT-00-0000-000A0HG835E/JE2835AWT-00-0000-000A0HG835ECT-ND/9974553,"","","","","","","","","80","240mA","150mA",CREE J SERIES JE2835 LIGHT EMITT,"1113 (2835 Metric)","72lm (Typ)","",footprints/LED/PCB - LED - CREE J 2835.PcbLib,"","",CREE J 2835,"","","","2020-09-02 01:30:24.410000",Active,"160 lm/W",Cree Inc.,JE2835AWT-00-0000-000A0HG835E,"1",Surface Mount,"1113 (2835 Metric)",TapeAndReel,"54","1113 (2835 Metric)","0.02",J,"",DigiKey,JE2835AWT-00-0000-000A0HG835ECT-ND,"","","","","","","","","","",SMD,symbols/Diodes/SCH - DIODES - LED.SCHLIB,LED,"","","120°","3V"
"3000K 3-Step MacAdam Ellipse","",=Part Number,Datasheet,https://www.cree.com/led-components/media/documents/data-sheet-JSeries-2835-3v.pdf,DigiKey Link,http://digikey.com/product-detail/en/cree-inc/JE2835BWT-P-H30GA0000-N0000001/2138-JE2835BWT-P-H30GA0000-N0000001CT-ND/10820134,"","","","","","","","","80","240mA","150mA",LED WHITE  3000K JE2835B 3V,"1113 (2835 Metric)","72lm (Typ)","55lm (Typ)",footprints/LED/PCB - LED - CREE J 2835.PcbLib,"","",CREE J 2835,"","","","2020-09-02 01:30:24.413000",Active,"160 lm/W",Cree Inc.,JE2835BWT-P-H30GA0000-N0000001,"1",Surface Mount,"1113 (2835 Metric)",TapeAndReel,"55","1113 (2835 Metric)","0.02",J,"",DigiKey,"2138-JE2835BWT-P-H30GA0000-N0000001CT-ND","","","","","","","","","","",SMD,symbols/Diodes/SCH - DIODES - LED.SCHLIB,LED,"","","120°","3V"
"3500K 3-Step MacAdam Ellipse","",=Part Number,Datasheet,https://www.cree.com/led-components/media/documents/data-sheet-JSeries-2835-3v.pdf,DigiKey Link,http://digikey.com/product-detail/en/cree-inc/JE2835BWT-P-H35GA0000-N0000001/2138-JE2835BWT-P-H35GA0000-N0000001CT-ND/10820204,"","","","","","","","","80","240mA","150mA",LED WHITE  3500K JE2835B 3V,"1113 (2835 Metric)","74lm (Typ)","67lm (Typ)",footprints/LED/PCB - LED - CREE J 2835.PcbLib,"","",CREE J 2835,"","","","2020-09-02 01:30:24.417000",Active,"164 lm/W",Cree Inc.,JE2835BWT-P-H35GA0000-N0000001,"1",Surface Mount,"1113 (2835 Metric)",TapeAndReel,"56","1113 (2835 Metric)","0.02",J,"",DigiKey,"2138-JE2835BWT-P-H35GA0000-N0000001CT-ND","","","","","","","","","","",SMD,symbols/Diodes/SCH - DIODES - LED.SCHLIB,LED,"","","120°","3V"
"3000K 3-Step MacAdam Ellipse","",=Part Number,Datasheet,https://www.cree.com/led-components/media/documents/data-sheet-JSeries-2835-3v.pdf,DigiKey Link,http://digikey.com/product-detail/en/cree-inc/JE2835AWT-R-U30GA0000-N0000001/2138-JE2835AWT-R-U30GA0000-N0000001CT-ND/10820445,"","","","","","","","","90","240mA","150mA",LED WHITE  3000K JE2835 3V,"1113 (2835 Metric)","57lm (Typ)","49lm (Typ)",footprints/LED/PCB - LED - CREE J 2835.PcbLib,"","",CREE J 2835,"","","","2020-09-02 01:30:24.420000",Active,"129 lm/W",Cree Inc.,JE2835AWT-R-U30GA0000-N0000001,"1",Surface Mount,"1113 (2835 Metric)",TapeAndReel,"57","1113 (2835 Metric)","0.02",J,"",DigiKey,"2138-JE2835AWT-R-U30GA0000-N0000001CT-ND","","","","","","","","","","",SMD,symbols/Diodes/SCH - DIODES - LED.SCHLIB,LED,"","","120°","2.95V"
"4000K 3-Step MacAdam Ellipse","",=Part Number,Datasheet,https://www.cree.com/led-components/media/documents/data-sheet-JSeries-2835-3v.pdf,DigiKey Link,http://digikey.com/product-detail/en/cree-inc/JE2835AWT-R-U40GA0000-N0000001/2138-JE2835AWT-R-U40GA0000-N0000001CT-ND/10820356,"","","","","","","","","90","240mA","150mA",LED WHITE  4000K JE2835 3V,"1113 (2835 Metric)","62lm (Typ)","53lm (Typ)",footprints/LED/PCB - LED - CREE J 2835.PcbLib,"","",CREE J 2835,"","","","2020-09-02 01:30:24.440000",Active,"140 lm/W",Cree Inc.,JE2835AWT-R-U40GA0000-N0000001,"1",Surface Mount,"1113 (2835 Metric)",TapeAndReel,"58","1113 (2835 Metric)","0.02",J,"",DigiKey,"2138-JE2835AWT-R-U40GA0000-N0000001CT-ND","","","","","","","","","","",SMD,symbols/Diodes/SCH - DIODES - LED.SCHLIB,LED,"","","120°","2.95V"
"3500K 3-Step MacAdam Ellipse","",=Part Number,Datasheet,https://www.cree.com/led-components/media/documents/data-sheet-JSeries-2835-3v.pdf,DigiKey Link,http://digikey.com/product-detail/en/cree-inc/JE2835AWT-R-U35GA0000-N0000001/2138-JE2835AWT-R-U35GA0000-N0000001CT-ND/10820261,"","","","","","","","","90","240mA","150mA",LED WHITE  3500K JE2835 3V,"1113 (2835 Metric)","59lm (Typ)","50lm (Typ)",footprints/LED/PCB - LED - CREE J 2835.PcbLib,"","",CREE J 2835,"","","","2020-09-02 01:30:24.443000",Active,"133 lm/W",Cree Inc.,JE2835AWT-R-U35GA0000-N0000001,"1",Surface Mount,"1113 (2835 Metric)",TapeAndReel,"59","1113 (2835 Metric)","0.02",J,"",DigiKey,"2138-JE2835AWT-R-U35GA0000-N0000001CT-ND","","","","","","","","","","",SMD,symbols/Diodes/SCH - DIODES - LED.SCHLIB,LED,"","","120°","2.95V"
"3000K 3-Step MacAdam Ellipse","",=Part Number,Datasheet,https://www.cree.com/led-components/media/documents/data-sheet-JSeries-2835-3v.pdf,DigiKey Link,http://digikey.com/product-detail/en/cree-inc/JE2835AWT-R-H30GA0000-N0000001/2138-JE2835AWT-R-H30GA0000-N0000001CT-ND/10820199,"","","","","","","","","80","240mA","150mA",LED WHITE  3000K JE2835 3V,"1113 (2835 Metric)","70lm (Typ)","60lm (Typ)",footprints/LED/PCB - LED - CREE J 2835.PcbLib,"","",CREE J 2835,"","","","2020-09-02 01:30:24.450000",Active,"158 lm/W",Cree Inc.,JE2835AWT-R-H30GA0000-N0000001,"1",Surface Mount,"1113 (2835 Metric)",TapeAndReel,"60","1113 (2835 Metric)","0.01",J,"",DigiKey,"2138-JE2835AWT-R-H30GA0000-N0000001CT-ND","","","","","","","","","","",SMD,symbols/Diodes/SCH - DIODES - LED.SCHLIB,LED,"","","120°","2.95V"
"3500K 3-Step MacAdam Ellipse","",=Part Number,Datasheet,https://www.cree.com/led-components/media/documents/data-sheet-JSeries-2835-3v.pdf,DigiKey Link,http://digikey.com/product-detail/en/cree-inc/JE2835AWT-R-H35GA0000-N0000001/2138-JE2835AWT-R-H35GA0000-N0000001CT-ND/10820186,"","","","","","","","","80","240mA","150mA",LED WHITE  3500K JE2835 3V,"1113 (2835 Metric)","72lm (Typ)","62lm (Typ)",footprints/LED/PCB - LED - CREE J 2835.PcbLib,"","",CREE J 2835,"","","","2020-09-02 01:30:24.453000",Active,"163 lm/W",Cree Inc.,JE2835AWT-R-H35GA0000-N0000001,"1",Surface Mount,"1113 (2835 Metric)",TapeAndReel,"61","1113 (2835 Metric)","0.01",J,"",DigiKey,"2138-JE2835AWT-R-H35GA0000-N0000001CT-ND","","","","","","","","","","",SMD,symbols/Diodes/SCH - DIODES - LED.SCHLIB,LED,"","","120°","2.95V"
"4000K 3-Step MacAdam Ellipse","",=Part Number,Datasheet,https://www.cree.com/led-components/media/documents/data-sheet-JSeries-2835-3v.pdf,DigiKey Link,http://digikey.com/product-detail/en/cree-inc/JE2835AWT-R-H40GA0000-N0000001/2138-JE2835AWT-R-H40GA0000-N0000001CT-ND/10820132,"","","","","","","","","80","240mA","150mA",LED WHITE  4000K JE2835 3V,"1113 (2835 Metric)","72lm (Typ)","62lm (Typ)",footprints/LED/PCB - LED - CREE J 2835.PcbLib,"","",CREE J 2835,"","","","2020-09-02 01:30:24.457000",Active,"163 lm/W",Cree Inc.,JE2835AWT-R-H40GA0000-N0000001,"1",Surface Mount,"1113 (2835 Metric)",TapeAndReel,"62","1113 (2835 Metric)","0.01",J,"",DigiKey,"2138-JE2835AWT-R-H40GA0000-N0000001CT-ND","","","","","","","","","","",SMD,symbols/Diodes/SCH - DIODES - LED.SCHLIB,LED,"","","120°","2.95V"
"4000K 3-Step MacAdam Ellipse","",=Part Number,Datasheet,https://www.cree.com/led-components/media/documents/data-sheet-JSeries-2835-3v.pdf,DigiKey Link,http://digikey.com/product-detail/en/cree-inc/JE2835BWT-P-H40GA0000-N0000001/2138-JE2835BWT-P-H40GA0000-N0000001CT-ND/10820169,"","","","","","","","","80","240mA","150mA",LED WHITE  4000K JE2835B 3V,"1113 (2835 Metric)","76lm (Typ)","68lm (Typ)",footprints/LED/PCB - LED - CREE J 2835.PcbLib,"","",CREE J 2835,"","","","2020-09-02 01:30:24.460000",Active,"169 lm/W",Cree Inc.,JE2835BWT-P-H40GA0000-N0000001,"1",Surface Mount,"1113 (2835 Metric)",TapeAndReel,"63","1113 (2835 Metric)","0.02",J,"",DigiKey,"2138-JE2835BWT-P-H40GA0000-N0000001CT-ND","","","","","","","","","","",SMD,symbols/Diodes/SCH - DIODES - LED.SCHLIB,LED,"","","120°","3V"
"4000K 3-Step MacAdam Ellipse","",=Part Number,Datasheet,https://www.cree.com/led-components/media/documents/data-sheet-JSeries-2835.pdf,DigiKey Link,http://digikey.com/product-detail/en/cree-inc/JK2835BWT-W-H40EC0000-N0000001/2138-JK2835BWT-W-H40EC0000-N0000001CT-ND/10820414,"","","","","","","","","80","120mA","100mA",LED WHITE  4000K JK2835B 9V,"1113 (2835 Metric)","131lm (Typ)","114lm (Typ)",footprints/LED/PCB - LED - CREE J 2835.PcbLib,"","",CREE J 2835,"","","","2020-09-02 01:30:24.463000",Active,"142 lm/W",Cree Inc.,JK2835BWT-W-H40EC0000-N0000001,"1",Surface Mount,"1113 (2835 Metric)",TapeAndReel,"64","1113 (2835 Metric)","0.02",J,"",DigiKey,"2138-JK2835BWT-W-H40EC0000-N0000001CT-ND","","","","","","","","","","",SMD,symbols/Diodes/SCH - DIODES - LED.SCHLIB,LED,"","","120°","9.2V"
"4000K 3-Step MacAdam Ellipse","",=Part Number,Datasheet,https://www.cree.com/led-components/media/documents/data-sheet-JSeries-2835-3v.pdf,DigiKey Link,http://digikey.com/product-detail/en/cree-inc/JB2835AWT-W-U40GA0000-N0000001/2138-JB2835AWT-W-U40GA0000-N0000001CT-ND/10820479,"","","","","","","","","90","150mA","60mA",LED WHITE  4000K JB2835 3V,"1113 (2835 Metric)","26lm (Typ)","23lm (Typ)",footprints/LED/PCB - LED - CREE J 2835.PcbLib,"","",CREE J 2835,"","","","2020-09-02 01:30:24.483000",Active,"147 lm/W",Cree Inc.,JB2835AWT-W-U40GA0000-N0000001,"1",Surface Mount,"1113 (2835 Metric)",TapeAndReel,"65","1113 (2835 Metric)","0.01",J,"",DigiKey,"2138-JB2835AWT-W-U40GA0000-N0000001CT-ND","","","","","","","","","","",SMD,symbols/Diodes/SCH - DIODES - LED.SCHLIB,LED,"","","120°","2.95V"
"5000K 3-Step MacAdam Ellipse","White, Cool",=Part Number,Datasheet,//media.digikey.com/pdf/Data%20Sheets/Seoul%20Semiconductor/S1S0-3030xx9503-00000000-00001_Rev0%203_11-22-18.pdf,DigiKey Link,http://digikey.com/product-detail/en/seoul-semiconductor-inc/S1S0-3030509503-0000003S-00001/897-1357-1-ND/9686880,"","","","","","","","","95","150mA","65mA",LED COOL WHITE 5000K 3030,"1212 (3030 Metric)","","",footprints/Diodes/PCB - DIODES - SEOUL SEMICONDUCTOR 3030.PcbLib,"","",SEOUL SEMICONDUCTOR 3030,"","","0.031 (0.80mm)","2020-09-02 01:30:28.897000",Active,"",Seoul Semiconductor Inc.,S1S0-3030509503-0000003S-00001,"1",Surface Mount,"1212 (3030 Metric)",TapeAndReel,"66",Active,"0.22",SunLike 3030,"0.118 L x 0.118 W (3.00mm x 3.00mm)",DigiKey,"897-1357-1-ND","","","","","","","","","","","3030",symbols/Diodes/SCH - DIODES - LED.SCHLIB,LED,"","","120°","3.05V"
"3500K 3-Step MacAdam Ellipse","White, Warm",=Part Number,Datasheet,//media.digikey.com/pdf/Data%20Sheets/Seoul%20Semiconductor/S1S0-3030xx9503-00000000-00001_Rev0%203_11-22-18.pdf,DigiKey Link,http://digikey.com/product-detail/en/seoul-semiconductor-inc/S1S0-3030359503-0000003S-00001/897-1355-1-ND/9686878,"","","","","","","","","95","150mA","65mA",LED WARM WHITE 3500K 3030,"1212 (3030 Metric)","","",footprints/Diodes/PCB - DIODES - SEOUL SEMICONDUCTOR 3030.PcbLib,"","",SEOUL SEMICONDUCTOR 3030,"","","0.031 (0.80mm)","2020-09-02 01:30:28.920000",Active,"",Seoul Semiconductor Inc.,S1S0-3030359503-0000003S-00001,"1",Surface Mount,"1212 (3030 Metric)",TapeAndReel,"67",Active,"0.22",SunLike 3030,"0.118 L x 0.118 W (3.00mm x 3.00mm)",DigiKey,"897-1355-1-ND","","","","","","","","","","","3030",symbols/Diodes/SCH - DIODES - LED.SCHLIB,LED,"","","120°","3.05V"
"4000K 3-Step MacAdam Ellipse","White, Neutral",=Part Number,Datasheet,//media.digikey.com/pdf/Data%20Sheets/Seoul%20Semiconductor/S1S0-3030xx9503-00000000-00001_Rev0%203_11-22-18.pdf,DigiKey Link,http://digikey.com/product-detail/en/seoul-semiconductor-inc/S1S0-3030409503-0000003S-00001/897-1356-1-ND/9686879,"","","","","","","","","95","150mA","65mA",LED NEUTRAL WHITE 4000K 3030,"1212 (3030 Metric)","","",footprints/Diodes/PCB - DIODES - SEOUL SEMICONDUCTOR 3030.PcbLib,"","",SEOUL SEMICONDUCTOR 3030,"","","0.031 (0.80mm)","2020-09-02 01:30:28.923000",Active,"",Seoul Semiconductor Inc.,S1S0-3030409503-0000003S-00001,"1",Surface Mount,"1212 (3030 Metric)",TapeAndReel,"68",Active,"0.22",SunLike 3030,"0.118 L x 0.118 W (3.00mm x 3.00mm)",DigiKey,"897-1356-1-ND","","","","","","","","","","","3030",symbols/Diodes/SCH - DIODES - LED.SCHLIB,LED,"","","120°","3.05V"
"2700K 3-Step MacAdam Ellipse","White, Warm",=Part Number,Datasheet,//media.digikey.com/pdf/Data%20Sheets/Seoul%20Semiconductor/S1S0-3030xx9503-00000000-00001_Rev0%203_11-22-18.pdf,DigiKey Link,http://digikey.com/product-detail/en/seoul-semiconductor-inc/S1S0-3030279503-0000003S-00001/897-1353-1-ND/9686876,"","","","","","","","","95","150mA","65mA",LED WARM WHITE 2700K 3030,"1212 (3030 Metric)","","",footprints/Diodes/PCB - DIODES - SEOUL SEMICONDUCTOR 3030.PcbLib,"","",SEOUL SEMICONDUCTOR 3030,"","","0.031 (0.80mm)","2020-09-02 01:30:28.943000",Active,"",Seoul Semiconductor Inc.,S1S0-3030279503-0000003S-00001,"1",Surface Mount,"1212 (3030 Metric)",TapeAndReel,"69",Active,"0.22",SunLike 3030,"0.118 L x 0.118 W (3.00mm x 3.00mm)",DigiKey,"897-1353-1-ND","","","","","","","","","","","3030",symbols/Diodes/SCH - DIODES - LED.SCHLIB,LED,"","","120°","3.05V"
"3000K 3-Step MacAdam Ellipse","White, Warm",=Part Number,Datasheet,//media.digikey.com/pdf/Data%20Sheets/Seoul%20Semiconductor/S1S0-3030xx9503-00000000-00001_Rev0%203_11-22-18.pdf,DigiKey Link,http://digikey.com/product-detail/en/seoul-semiconductor-inc/S1S0-3030309503-0000003S-00001/897-1354-1-ND/9686877,"","","","","","","","","95","150mA","65mA",LED WARM WHITE 3000K 3030,"1212 (3030 Metric)","","",footprints/Diodes/PCB - DIODES - SEOUL SEMICONDUCTOR 3030.PcbLib,"","",SEOUL SEMICONDUCTOR 3030,"","","0.031 (0.80mm)","2020-09-02 01:30:28.947000",Active,"",Seoul Semiconductor Inc.,S1S0-3030309503-0000003S-00001,"1",Surface Mount,"1212 (3030 Metric)",TapeAndReel,"70",Active,"0.22",SunLike 3030,"0.118 L x 0.118 W (3.00mm x 3.00mm)",DigiKey,"897-1354-1-ND","","","","","","","","","","","3030",symbols/Diodes/SCH - DIODES - LED.SCHLIB,LED,"","","120°","3.05V"
