"Comment","ComponentLink1Description","ComponentLink1URL","ComponentLink2Description","ComponentLink2URL","ComponentLink3Description","ComponentLink3URL","ComponentLink4Description","ComponentLink4URL","ComponentLink5Description","ComponentLink5URL","ComponentLink6Description","ComponentLink6URL","Description","Device Package","Footprint Path","Footprint Path 2","Footprint Path 3","Footprint Ref","Footprint Ref 2","Footprint Ref 3","LastUpdated","Lifecycle Status","Manufacturer","Part Number","Minimum Order","Mounting Type","Number of Voltages Monitored","Operating Temperature","Output","Package / Case","Packaging","Part Status","Price","Reset","Reset Timeout","Series","Supplier 1","Supplier Part Number 1","Supplier 2","Supplier Part Number 2","Supplier 3","Supplier Part Number 3","Supplier 4","Supplier Part Number 4","Supplier 5","Supplier Part Number 5","Supplier 6","Supplier Part Number 6","Supplier Device Package","Library Path","Library Ref","Type","Value","Voltage - Threshold"
=Part Number,Datasheet,http://www.st.com/content/ccc/resource/technical/document/datasheet/cd/e2/ab/27/7d/5d/44/41/CD00003591.pdf/files/CD00003591.pdf/jcr:content/translations/en.CD00003591.pdf,DigiKey Link,http://digikey.com/product-detail/en/stmicroelectronics/STM812SW16F/497-3353-1-ND/666773,"","","","","","","","",IC SUPERVISOR 1 CHANNEL SOT143,"",footprints/Leaded - SOT/PCB - LEADED - SOT - ST SOT-143-4.PCBLIB,"","",ST SOT-143-4,"","","2020-09-02 01:24:54.050000",Active,STMicroelectronics,STM812SW16F,"1",Surface Mount,"1",-40°C ~ 85°C (TA),"Push-Pull, Totem Pole","TO-253-4, TO-253AA",TapeAndReel,Active,"0.23",Active High,"140ms Minimum",-,DigiKey,"497-3353-1-ND","","","","","","","","","","",SOT-143,symbols/Reset/SCH - RESET - ST STM812.SCHLIB,ST STM812,Simple Reset/Power-On Reset,"","2.93V"
=Part Number,Datasheet,http://www.st.com/content/ccc/resource/technical/document/datasheet/cd/e2/ab/27/7d/5d/44/41/CD00003591.pdf/files/CD00003591.pdf/jcr:content/translations/en.CD00003591.pdf,DigiKey Link,http://digikey.com/product-detail/en/stmicroelectronics/STM812LW16F/497-3350-1-ND/666767,"","","","","","","","",IC SUPERVISOR 1 CHANNEL SOT143-4,"",footprints/Leaded - SOT/PCB - LEADED - SOT - ST SOT-143-4.PCBLIB,"","",ST SOT-143-4,"","","2020-09-02 01:24:54.047000",Active,STMicroelectronics,STM812LW16F,"1",Surface Mount,"1",-40°C ~ 85°C (TA),"Push-Pull, Totem Pole","TO-253-4, TO-253AA",TapeAndReel,Active,"0.25",Active High,"140ms Minimum",-,DigiKey,"497-3350-1-ND","","","","","","","","","","",SOT-143-4,symbols/Reset/SCH - RESET - ST STM812.SCHLIB,ST STM812,Simple Reset/Power-On Reset,"","4.63V"
=Part Number,Datasheet,http://www.st.com/content/ccc/resource/technical/document/datasheet/cd/e2/ab/27/7d/5d/44/41/CD00003591.pdf/files/CD00003591.pdf/jcr:content/translations/en.CD00003591.pdf,DigiKey Link,http://digikey.com/product-detail/en/stmicroelectronics/STM812TW16F/497-3354-1-ND/666776,"","","","","","","","",IC SUPERVISOR 1 CHANNEL SOT143-4,"",footprints/Leaded - SOT/PCB - LEADED - SOT - ST SOT-143-4.PCBLIB,"","",ST SOT-143-4,"","","2020-09-02 01:24:54.043000",Active,STMicroelectronics,STM812TW16F,"1",Surface Mount,"1",-40°C ~ 85°C (TA),"Push-Pull, Totem Pole","TO-253-4, TO-253AA",TapeAndReel,Active,"0.23",Active High,"140ms Minimum",-,DigiKey,"497-3354-1-ND","","","","","","","","","","",SOT-143-4,symbols/Reset/SCH - RESET - ST STM812.SCHLIB,ST STM812,Simple Reset/Power-On Reset,"","3.08V"
=Part Number,Datasheet,http://www.st.com/content/ccc/resource/technical/document/datasheet/cd/e2/ab/27/7d/5d/44/41/CD00003591.pdf/files/CD00003591.pdf/jcr:content/translations/en.CD00003591.pdf,DigiKey Link,http://digikey.com/product-detail/en/stmicroelectronics/STM812MW16F/497-3351-1-ND/666769,"","","","","","","","",IC SUPERVISOR 1 CHANNEL SOT143-4,"",footprints/Leaded - SOT/PCB - LEADED - SOT - ST SOT-143-4.PCBLIB,"","",ST SOT-143-4,"","","2020-09-02 01:24:54.023000",Active,STMicroelectronics,STM812MW16F,"1",Surface Mount,"1",-40°C ~ 85°C (TA),"Push-Pull, Totem Pole","TO-253-4, TO-253AA",TapeAndReel,Active,"0.23",Active High,"140ms Minimum",-,DigiKey,"497-3351-1-ND","","","","","","","","","","",SOT-143-4,symbols/Reset/SCH - RESET - ST STM812.SCHLIB,ST STM812,Simple Reset/Power-On Reset,"","4.38V"
=Part Number,Datasheet,http://www.st.com/content/ccc/resource/technical/document/datasheet/cd/e2/ab/27/7d/5d/44/41/CD00003591.pdf/files/CD00003591.pdf/jcr:content/translations/en.CD00003591.pdf,DigiKey Link,http://digikey.com/product-detail/en/stmicroelectronics/STM811LW16F/497-3345-1-ND/666757,"","","","","","","","",IC SUPERVISOR 1 CHANNEL SOT143-4,"",footprints/Leaded - SOT/PCB - LEADED - SOT - ST SOT-143-4.PCBLIB,"","",ST SOT-143-4,"","","2020-09-02 01:24:54.357000",Active,STMicroelectronics,STM811LW16F,"1",Surface Mount,"1",-40°C ~ 85°C (TA),"Push-Pull, Totem Pole","TO-253-4, TO-253AA",TapeAndReel,Active,"0.23",Active Low,"140ms Minimum",-,DigiKey,"497-3345-1-ND","","","","","","","","","","",SOT-143-4,symbols/Reset/SCH - RESET - ST STM811.SCHLIB,ST STM811,Simple Reset/Power-On Reset,"","4.63V"
=Part Number,Datasheet,http://www.st.com/content/ccc/resource/technical/document/datasheet/cd/e2/ab/27/7d/5d/44/41/CD00003591.pdf/files/CD00003591.pdf/jcr:content/translations/en.CD00003591.pdf,DigiKey Link,http://digikey.com/product-detail/en/stmicroelectronics/STM811MW16F/497-3346-1-ND/666760,"","","","","","","","",IC SUPERVISOR 1 CHANNEL SOT143-4,"",footprints/Leaded - SOT/PCB - LEADED - SOT - ST SOT-143-4.PCBLIB,"","",ST SOT-143-4,"","","2020-09-02 01:24:54.353000",Active,STMicroelectronics,STM811MW16F,"1",Surface Mount,"1",-40°C ~ 85°C (TA),"Push-Pull, Totem Pole","TO-253-4, TO-253AA",TapeAndReel,Active,"0.23",Active Low,"140ms Minimum",-,DigiKey,"497-3346-1-ND","","","","","","","","","","",SOT-143-4,symbols/Reset/SCH - RESET - ST STM811.SCHLIB,ST STM811,Simple Reset/Power-On Reset,"","4.38V"
=Part Number,Datasheet,http://www.st.com/content/ccc/resource/technical/document/datasheet/cd/e2/ab/27/7d/5d/44/41/CD00003591.pdf/files/CD00003591.pdf/jcr:content/translations/en.CD00003591.pdf,DigiKey Link,http://digikey.com/product-detail/en/stmicroelectronics/STM811SW16F/497-3348-1-ND/666763,"","","","","","","","",IC SUPERVISOR 1 CHANNEL SOT143-4,"",footprints/Leaded - SOT/PCB - LEADED - SOT - ST SOT-143-4.PCBLIB,"","",ST SOT-143-4,"","","2020-09-02 01:24:54.350000",Active,STMicroelectronics,STM811SW16F,"1",Surface Mount,"1",-40°C ~ 85°C (TA),"Push-Pull, Totem Pole","TO-253-4, TO-253AA",TapeAndReel,Active,"0.20",Active Low,"140ms Minimum",-,DigiKey,"497-3348-1-ND","","","","","","","","","","",SOT-143-4,symbols/Reset/SCH - RESET - ST STM811.SCHLIB,ST STM811,Simple Reset/Power-On Reset,"","2.93V"
=Part Number,Datasheet,http://www.st.com/content/ccc/resource/technical/document/datasheet/cd/e2/ab/27/7d/5d/44/41/CD00003591.pdf/files/CD00003591.pdf/jcr:content/translations/en.CD00003591.pdf,DigiKey Link,http://digikey.com/product-detail/en/stmicroelectronics/STM811TW16F/497-3349-1-ND/666765,"","","","","","","","",IC SUPERVISOR 1 CHANNEL SOT143-4,"",footprints/Leaded - SOT/PCB - LEADED - SOT - ST SOT-143-4.PCBLIB,"","",ST SOT-143-4,"","","2020-09-02 01:24:54.347000",Active,STMicroelectronics,STM811TW16F,"1",Surface Mount,"1",-40°C ~ 85°C (TA),"Push-Pull, Totem Pole","TO-253-4, TO-253AA",TapeAndReel,Active,"0.21",Active Low,"140ms Minimum",-,DigiKey,"497-3349-1-ND","","","","","","","","","","",SOT-143-4,symbols/Reset/SCH - RESET - ST STM811.SCHLIB,ST STM811,Simple Reset/Power-On Reset,"","3.08V"
=Part Number,Datasheet,http://www.st.com/content/ccc/resource/technical/document/datasheet/cd/e2/ab/27/7d/5d/44/41/CD00003591.pdf/files/CD00003591.pdf/jcr:content/translations/en.CD00003591.pdf,DigiKey Link,http://digikey.com/product-detail/en/stmicroelectronics/STM811RW16F/497-3347-1-ND/666761,"","","","","","","","",IC SUPERVISOR 1 CHANNEL SOT143-4,"",footprints/Leaded - SOT/PCB - LEADED - SOT - ST SOT-143-4.PCBLIB,"","",ST SOT-143-4,"","","2020-09-02 01:24:54.327000",Active,STMicroelectronics,STM811RW16F,"1",Surface Mount,"1",-40°C ~ 85°C (TA),"Push-Pull, Totem Pole","TO-253-4, TO-253AA",TapeAndReel,Active,"0.23",Active Low,"140ms Minimum",-,DigiKey,"497-3347-1-ND","","","","","","","","","","",SOT-143-4,symbols/Reset/SCH - RESET - ST STM811.SCHLIB,ST STM811,Simple Reset/Power-On Reset,"","2.63V"
=Part Number,Datasheet,http://www.microchip.com/mymicrochip/filehandler.aspx?ddocname=en580655,DigiKey Link,http://digikey.com/product-detail/en/microchip-technology/MIC812LUY-TR/576-2917-1-ND/1822077,"","","","","","","","",IC SUPERVISOR 1 CHANNEL SOT143,"",footprints/Leaded - SOT/PCB - LEADED - SOT - MICROCHIP SOT-143-4.PCBLIB,"","",MICROCHIP SOT-143-4,"","","2020-09-02 01:24:54.663000",Active,Microchip Technology,MIC812LUY-TR,"1",Surface Mount,"1",-40°C ~ 85°C (TA),"Push-Pull, Totem Pole","TO-253-4, TO-253AA",TapeAndReel,Active,"0.30",Active Low,"140ms Minimum",-,DigiKey,"576-2917-1-ND","","","","","","","","","","",SOT-143,symbols/Reset/SCH - RESET - MICROCHIP MIC812.SCHLIB,MICROCHIP MIC812,Simple Reset/Power-On Reset,"","4.63V"
=Part Number,Datasheet,http://www.microchip.com/mymicrochip/filehandler.aspx?ddocname=en580655,DigiKey Link,http://digikey.com/product-detail/en/microchip-technology/MIC812TUY-TR/1611-MIC812TUY-CT-ND/5700592,"","","","","","","","",IC SUPERVISOR 1 CHANNEL SOT143,"",footprints/Leaded - SOT/PCB - LEADED - SOT - MICROCHIP SOT-143-4.PCBLIB,"","",MICROCHIP SOT-143-4,"","","2020-09-02 01:24:54.643000",Active,Microchip Technology,MIC812TUY-TR,"",Surface Mount,"1",-40°C ~ 85°C (TA),"Push-Pull, Totem Pole","TO-253-4, TO-253AA",CutTape,Active,"0.15",Active Low,"140ms Minimum",-,DigiKey,"1611-MIC812TUY-CT-ND","","","","","","","","","","",SOT-143,symbols/Reset/SCH - RESET - MICROCHIP MIC812.SCHLIB,MICROCHIP MIC812,Simple Reset/Power-On Reset,"","3.08V"
=Part Number,Datasheet,http://www.microchip.com/mymicrochip/filehandler.aspx?ddocname=en580655,DigiKey Link,http://digikey.com/product-detail/en/microchip-technology/MIC811SUY-TR/576-1325-1-ND/771929,"","","","","","","","",IC SUPERVISOR 1 CHANNEL SOT143,"",footprints/Leaded - SOT/PCB - LEADED - SOT - MICROCHIP SOT-143-4.PCBLIB,"","",MICROCHIP SOT-143-4,"","","2020-09-02 01:24:55.010000",Active,Microchip Technology,MIC811SUY-TR,"1",Surface Mount,"1",-40°C ~ 85°C (TA),"Push-Pull, Totem Pole","TO-253-4, TO-253AA",TapeAndReel,Active,"0.34",Active Low,"140ms Minimum",-,DigiKey,"576-1325-1-ND","","","","","","","","","","",SOT-143,symbols/Reset/SCH - RESET - MICROCHIP MIC811.SCHLIB,MICROCHIP MIC811,Simple Reset/Power-On Reset,"","2.93V"
=Part Number,Datasheet,http://www.microchip.com/mymicrochip/filehandler.aspx?ddocname=en580655,DigiKey Link,http://digikey.com/product-detail/en/microchip-technology/MIC811TUY-TR/576-1326-1-ND/771930,"","","","","","","","",IC SUPERVISOR 1 CHANNEL SOT143,"",footprints/Leaded - SOT/PCB - LEADED - SOT - MICROCHIP SOT-143-4.PCBLIB,"","",MICROCHIP SOT-143-4,"","","2020-09-02 01:24:55.007000",Active,Microchip Technology,MIC811TUY-TR,"1",Surface Mount,"1",-40°C ~ 85°C (TA),"Push-Pull, Totem Pole","TO-253-4, TO-253AA",TapeAndReel,Active,"0.34",Active Low,"140ms Minimum",-,DigiKey,"576-1326-1-ND","","","","","","","","","","",SOT-143,symbols/Reset/SCH - RESET - MICROCHIP MIC811.SCHLIB,MICROCHIP MIC811,Simple Reset/Power-On Reset,"","3.08V"
=Part Number,Datasheet,http://www.microchip.com/mymicrochip/filehandler.aspx?ddocname=en580655,DigiKey Link,http://digikey.com/product-detail/en/microchip-technology/MIC811RUY-TR/576-2916-1-ND/1822076,"","","","","","","","",IC SUPERVISOR 1 CHANNEL SOT143,"",footprints/Leaded - SOT/PCB - LEADED - SOT - MICROCHIP SOT-143-4.PCBLIB,"","",MICROCHIP SOT-143-4,"","","2020-09-02 01:24:55.003000",Active,Microchip Technology,MIC811RUY-TR,"1",Surface Mount,"1",-40°C ~ 85°C (TA),"Push-Pull, Totem Pole","TO-253-4, TO-253AA",TapeAndReel,Active,"0.34",Active Low,"140ms Minimum",-,DigiKey,"576-2916-1-ND","","","","","","","","","","",SOT-143,symbols/Reset/SCH - RESET - MICROCHIP MIC811.SCHLIB,MICROCHIP MIC811,Simple Reset/Power-On Reset,"","2.63V"
=Part Number,Datasheet,http://www.microchip.com/mymicrochip/filehandler.aspx?ddocname=en580655,DigiKey Link,http://digikey.com/product-detail/en/microchip-technology/MIC811LUY-TR/576-1324-1-ND/771928,"","","","","","","","",IC SUPERVISOR 1 CHANNEL SOT143,"",footprints/Leaded - SOT/PCB - LEADED - SOT - MICROCHIP SOT-143-4.PCBLIB,"","",MICROCHIP SOT-143-4,"","","2020-09-02 01:24:54.987000",Active,Microchip Technology,MIC811LUY-TR,"1",Surface Mount,"1",-40°C ~ 85°C (TA),"Push-Pull, Totem Pole","TO-253-4, TO-253AA",TapeAndReel,Active,"0.34",Active Low,"140ms Minimum",-,DigiKey,"576-1324-1-ND","","","","","","","","","","",SOT-143,symbols/Reset/SCH - RESET - MICROCHIP MIC811.SCHLIB,MICROCHIP MIC811,Simple Reset/Power-On Reset,"","4.63V"
=Part Number,Datasheet,http://www.microchip.com/mymicrochip/filehandler.aspx?ddocname=en580655,DigiKey Link,http://digikey.com/product-detail/en/microchip-technology/MIC811MUY-TR/576-2915-1-ND/1822075,"","","","","","","","",IC SUPERVISOR 1 CHANNEL SOT143,"",footprints/Leaded - SOT/PCB - LEADED - SOT - MICROCHIP SOT-143-4.PCBLIB,"","",MICROCHIP SOT-143-4,"","","2020-09-02 01:24:54.983000",Active,Microchip Technology,MIC811MUY-TR,"1",Surface Mount,"1",-40°C ~ 85°C (TA),"Push-Pull, Totem Pole","TO-253-4, TO-253AA",TapeAndReel,Active,"0.34",Active Low,"140ms Minimum",-,DigiKey,"576-2915-1-ND","","","","","","","","","","",SOT-143,symbols/Reset/SCH - RESET - MICROCHIP MIC811.SCHLIB,MICROCHIP MIC811,Simple Reset/Power-On Reset,"","4.38V"
=Part Number,Datasheet,http://www.microchip.com/mymicrochip/filehandler.aspx?ddocname=en580655,DigiKey Link,http://digikey.com/product-detail/en/microchip-technology/MIC811JUY-TR/576-2914-1-ND/1822074,"","","","","","","","",IC SUPERVISOR 1 CHANNEL SOT143,"",footprints/Leaded - SOT/PCB - LEADED - SOT - MICROCHIP SOT-143-4.PCBLIB,"","",MICROCHIP SOT-143-4,"","","2020-09-02 01:24:54.967000",Active,Microchip Technology,MIC811JUY-TR,"1",Surface Mount,"1",-40°C ~ 85°C (TA),"Push-Pull, Totem Pole","TO-253-4, TO-253AA",TapeAndReel,Active,"0.34",Active Low,"140ms Minimum",-,DigiKey,"576-2914-1-ND","","","","","","","","","","",SOT-143,symbols/Reset/SCH - RESET - MICROCHIP MIC811.SCHLIB,MICROCHIP MIC811,Simple Reset/Power-On Reset,"","4V"
=Part Number,Datasheet,http://www.microchip.com/mymicrochip/filehandler.aspx?ddocname=en580550,DigiKey Link,http://digikey.com/product-detail/en/microchip-technology/MIC6315-31D4UY-TR/576-2893-1-ND/1822053,"","","","","","","","",IC SUPERVISOR 1 CHANNEL SOT143,"",footprints/Leaded - SOT/PCB - LEADED - SOT - MICROCHIP SOT-143-4.PCBLIB,"","",MICROCHIP SOT-143-4,"","","2020-09-02 01:24:55.470000",Active,Microchip Technology,MIC6315-31D4UY-TR,"1",Surface Mount,"1",-40°C ~ 85°C (TA),Open Drain or Open Collector,"TO-253-4, TO-253AA",TapeAndReel,Active,"0.30",Active Low,"1.1s Minimum",-,DigiKey,"576-2893-1-ND","","","","","","","","","","",SOT-143,symbols/Reset/SCH - RESET - MICROCHIP MIC6315.SCHLIB,MICROCHIP MIC6315,Simple Reset/Power-On Reset,"","3.08V"
=Part Number,Datasheet,http://www.microchip.com/mymicrochip/filehandler.aspx?ddocname=en580550,DigiKey Link,http://digikey.com/product-detail/en/microchip-technology/MIC6315-46D2UY-TR/MIC6315-46D2UY-CT-ND/9643100,"","","","","","","","",IC SUPERVISOR 1 CHANNEL SOT143,"",footprints/Leaded - SOT/PCB - LEADED - SOT - MICROCHIP SOT-143-4.PCBLIB,"","",MICROCHIP SOT-143-4,"","","2020-09-02 01:24:55.467000",Active,Microchip Technology,MIC6315-46D2UY-TR,"1",Surface Mount,"1",-40°C ~ 85°C (TA),Open Drain or Open Collector,"TO-253-4, TO-253AA",TapeAndReel,Active,"0.30",Active Low,"20ms Minimum",-,DigiKey,MIC6315-46D2UY-CT-ND,"","","","","","","","","","",SOT-143,symbols/Reset/SCH - RESET - MICROCHIP MIC6315.SCHLIB,MICROCHIP MIC6315,Simple Reset/Power-On Reset,"","4.63V"
=Part Number,Datasheet,http://www.microchip.com/mymicrochip/filehandler.aspx?ddocname=en580550,DigiKey Link,http://digikey.com/product-detail/en/microchip-technology/MIC6315-44D2UY-TR/MIC6315-44D2UY-CT-ND/9643075,"","","","","","","","",IC SUPERVISOR 1 CHANNEL SOT143,"",footprints/Leaded - SOT/PCB - LEADED - SOT - MICROCHIP SOT-143-4.PCBLIB,"","",MICROCHIP SOT-143-4,"","","2020-09-02 01:24:55.463000",Active,Microchip Technology,MIC6315-44D2UY-TR,"1",Surface Mount,"1",-40°C ~ 85°C (TA),Open Drain or Open Collector,"TO-253-4, TO-253AA",TapeAndReel,Active,"0.30",Active Low,"20ms Minimum",-,DigiKey,MIC6315-44D2UY-CT-ND,"","","","","","","","","","",SOT-143,symbols/Reset/SCH - RESET - MICROCHIP MIC6315.SCHLIB,MICROCHIP MIC6315,Simple Reset/Power-On Reset,"","4.38V"
=Part Number,Datasheet,http://www.microchip.com/mymicrochip/filehandler.aspx?ddocname=en580550,DigiKey Link,http://digikey.com/product-detail/en/microchip-technology/MIC6315-26D4UY-TR/MIC6315-26D4UY-CT-ND/9643058,"","","","","","","","",IC SUPERVISOR 1 CHANNEL SOT143,"",footprints/Leaded - SOT/PCB - LEADED - SOT - MICROCHIP SOT-143-4.PCBLIB,"","",MICROCHIP SOT-143-4,"","","2020-09-02 01:24:55.460000",Active,Microchip Technology,MIC6315-26D4UY-TR,"1",Surface Mount,"1",-40°C ~ 85°C (TA),Open Drain or Open Collector,"TO-253-4, TO-253AA",TapeAndReel,Active,"0.30",Active Low,"1.1s Minimum",-,DigiKey,MIC6315-26D4UY-CT-ND,"","","","","","","","","","",SOT-143,symbols/Reset/SCH - RESET - MICROCHIP MIC6315.SCHLIB,MICROCHIP MIC6315,Simple Reset/Power-On Reset,"","2.63V"
=Part Number,Datasheet,http://www.microchip.com/mymicrochip/filehandler.aspx?ddocname=en580550,DigiKey Link,http://digikey.com/product-detail/en/microchip-technology/MIC6315-29D2UY-TR/MIC6315-29D2UY-CT-ND/7916553,"","","","","","","","",IC SUPERVISOR 1 CHANNEL SOT143,"",footprints/Leaded - SOT/PCB - LEADED - SOT - MICROCHIP SOT-143-4.PCBLIB,"","",MICROCHIP SOT-143-4,"","","2020-09-02 01:24:55.450000",Active,Microchip Technology,MIC6315-29D2UY-TR,"1",Surface Mount,"1",-40°C ~ 85°C (TA),Open Drain or Open Collector,"TO-253-4, TO-253AA",TapeAndReel,Active,"0.30",Active Low,"20ms Minimum",-,DigiKey,MIC6315-29D2UY-CT-ND,"","","","","","","","","","",SOT-143,symbols/Reset/SCH - RESET - MICROCHIP MIC6315.SCHLIB,MICROCHIP MIC6315,Simple Reset/Power-On Reset,"","2.93V"
=Part Number,Datasheet,http://www.microchip.com/mymicrochip/filehandler.aspx?ddocname=en580550,DigiKey Link,http://digikey.com/product-detail/en/microchip-technology/MIC6315-30D3UY-TR/576-2890-1-ND/1822050,"","","","","","","","",IC SUPERVISOR 1 CHANNEL SOT143,"",footprints/Leaded - SOT/PCB - LEADED - SOT - MICROCHIP SOT-143-4.PCBLIB,"","",MICROCHIP SOT-143-4,"","","2020-09-02 01:24:55.433000",Active,Microchip Technology,MIC6315-30D3UY-TR,"1",Surface Mount,"1",-40°C ~ 85°C (TA),Open Drain or Open Collector,"TO-253-4, TO-253AA",TapeAndReel,Active,"0.30",Active Low,"140ms Minimum",-,DigiKey,"576-2890-1-ND","","","","","","","","","","",SOT-143,symbols/Reset/SCH - RESET - MICROCHIP MIC6315.SCHLIB,MICROCHIP MIC6315,Simple Reset/Power-On Reset,"","3V"
=Part Number,Datasheet,http://www.microchip.com/mymicrochip/filehandler.aspx?ddocname=en580550,DigiKey Link,http://digikey.com/product-detail/en/microchip-technology/MIC6315-31D2UY-TR/576-2891-1-ND/1822051,"","","","","","","","",IC SUPERVISOR 1 CHANNEL SOT143,"",footprints/Leaded - SOT/PCB - LEADED - SOT - MICROCHIP SOT-143-4.PCBLIB,"","",MICROCHIP SOT-143-4,"","","2020-09-02 01:24:55.427000",Active,Microchip Technology,MIC6315-31D2UY-TR,"1",Surface Mount,"1",-40°C ~ 85°C (TA),Open Drain or Open Collector,"TO-253-4, TO-253AA",TapeAndReel,Active,"0.30",Active Low,"20ms Minimum",-,DigiKey,"576-2891-1-ND","","","","","","","","","","",SOT-143,symbols/Reset/SCH - RESET - MICROCHIP MIC6315.SCHLIB,MICROCHIP MIC6315,Simple Reset/Power-On Reset,"","3.08V"
=Part Number,Datasheet,http://www.microchip.com/mymicrochip/filehandler.aspx?ddocname=en580550,DigiKey Link,http://digikey.com/product-detail/en/microchip-technology/MIC6315-29D3UY-TR/576-2887-1-ND/1822047,"","","","","","","","",IC SUPERVISOR 1 CHANNEL SOT143,"",footprints/Leaded - SOT/PCB - LEADED - SOT - MICROCHIP SOT-143-4.PCBLIB,"","",MICROCHIP SOT-143-4,"","","2020-09-02 01:24:55.423000",Active,Microchip Technology,MIC6315-29D3UY-TR,"1",Surface Mount,"1",-40°C ~ 85°C (TA),Open Drain or Open Collector,"TO-253-4, TO-253AA",TapeAndReel,Active,"0.30",Active Low,"140ms Minimum",-,DigiKey,"576-2887-1-ND","","","","","","","","","","",SOT-143,symbols/Reset/SCH - RESET - MICROCHIP MIC6315.SCHLIB,MICROCHIP MIC6315,Simple Reset/Power-On Reset,"","2.93V"
=Part Number,Datasheet,http://www.microchip.com/mymicrochip/filehandler.aspx?ddocname=en580550,DigiKey Link,http://digikey.com/product-detail/en/microchip-technology/MIC6315-26D2UY-TR/576-2885-1-ND/1822045,"","","","","","","","",IC SUPERVISOR 1 CHANNEL SOT143,"",footprints/Leaded - SOT/PCB - LEADED - SOT - MICROCHIP SOT-143-4.PCBLIB,"","",MICROCHIP SOT-143-4,"","","2020-09-02 01:24:55.420000",Active,Microchip Technology,MIC6315-26D2UY-TR,"1",Surface Mount,"1",-40°C ~ 85°C (TA),Open Drain or Open Collector,"TO-253-4, TO-253AA",TapeAndReel,Active,"0.30",Active Low,"20ms Minimum",-,DigiKey,"576-2885-1-ND","","","","","","","","","","",SOT-143,symbols/Reset/SCH - RESET - MICROCHIP MIC6315.SCHLIB,MICROCHIP MIC6315,Simple Reset/Power-On Reset,"","2.63V"
=Part Number,Datasheet,http://www.microchip.com/mymicrochip/filehandler.aspx?ddocname=en580550,DigiKey Link,http://digikey.com/product-detail/en/microchip-technology/MIC6315-31D3UY-TR/576-2892-1-ND/1822052,"","","","","","","","",IC SUPERVISOR 1 CHANNEL SOT143,"",footprints/Leaded - SOT/PCB - LEADED - SOT - MICROCHIP SOT-143-4.PCBLIB,"","",MICROCHIP SOT-143-4,"","","2020-09-02 01:24:55.417000",Active,Microchip Technology,MIC6315-31D3UY-TR,"1",Surface Mount,"1",-40°C ~ 85°C (TA),Open Drain or Open Collector,"TO-253-4, TO-253AA",TapeAndReel,Active,"0.30",Active Low,"140ms Minimum",-,DigiKey,"576-2892-1-ND","","","","","","","","","","",SOT-143,symbols/Reset/SCH - RESET - MICROCHIP MIC6315.SCHLIB,MICROCHIP MIC6315,Simple Reset/Power-On Reset,"","3.08V"
=Part Number,Datasheet,http://www.microchip.com/mymicrochip/filehandler.aspx?ddocname=en580550,DigiKey Link,http://digikey.com/product-detail/en/microchip-technology/MIC6315-26D3UY-TR/576-2886-1-ND/1822046,"","","","","","","","",IC SUPERVISOR 1 CHANNEL SOT143,"",footprints/Leaded - SOT/PCB - LEADED - SOT - MICROCHIP SOT-143-4.PCBLIB,"","",MICROCHIP SOT-143-4,"","","2020-09-02 01:24:55.397000",Active,Microchip Technology,MIC6315-26D3UY-TR,"1",Surface Mount,"1",-40°C ~ 85°C (TA),Open Drain or Open Collector,"TO-253-4, TO-253AA",TapeAndReel,Active,"0.30",Active Low,"140ms Minimum",-,DigiKey,"576-2886-1-ND","","","","","","","","","","",SOT-143,symbols/Reset/SCH - RESET - MICROCHIP MIC6315.SCHLIB,MICROCHIP MIC6315,Simple Reset/Power-On Reset,"","2.63V"
=Part Number,Datasheet,http://www.microchip.com/mymicrochip/filehandler.aspx?ddocname=en580550,DigiKey Link,http://digikey.com/product-detail/en/microchip-technology/MIC6315-29D4UY-TR/576-2888-1-ND/1822048,"","","","","","","","",IC SUPERVISOR 1 CHANNEL SOT143,"",footprints/Leaded - SOT/PCB - LEADED - SOT - MICROCHIP SOT-143-4.PCBLIB,"","",MICROCHIP SOT-143-4,"","","2020-09-02 01:24:55.380000",Active,Microchip Technology,MIC6315-29D4UY-TR,"1",Surface Mount,"1",-40°C ~ 85°C (TA),Open Drain or Open Collector,"TO-253-4, TO-253AA",TapeAndReel,Active,"0.30",Active Low,"1.1s Minimum",-,DigiKey,"576-2888-1-ND","","","","","","","","","","",SOT-143,symbols/Reset/SCH - RESET - MICROCHIP MIC6315.SCHLIB,MICROCHIP MIC6315,Simple Reset/Power-On Reset,"","2.93V"
=Part Number,Datasheet,http://www.microchip.com/mymicrochip/filehandler.aspx?ddocname=en580550,DigiKey Link,http://digikey.com/product-detail/en/microchip-technology/MIC6315-44D4UY-TR/1611-MIC6315-44D4UY-CT-ND/5700748,"","","","","","","","",IC SUPERVISOR 1 CHANNEL SOT143,"",footprints/Leaded - SOT/PCB - LEADED - SOT - MICROCHIP SOT-143-4.PCBLIB,"","",MICROCHIP SOT-143-4,"","","2020-09-02 01:24:55.373000",Active,Microchip Technology,MIC6315-44D4UY-TR,"",Surface Mount,"1",-40°C ~ 85°C (TA),Open Drain or Open Collector,"TO-253-4, TO-253AA",TapeAndReel,Active,"0.30",Active Low,"1.1s Minimum",-,DigiKey,"1611-MIC6315-44D4UY-CT-ND","","","","","","","","","","",SOT-143,symbols/Reset/SCH - RESET - MICROCHIP MIC6315.SCHLIB,MICROCHIP MIC6315,Simple Reset/Power-On Reset,"","4.38V"
=Part Number,Datasheet,http://www.microchip.com/mymicrochip/filehandler.aspx?ddocname=en580550,DigiKey Link,http://digikey.com/product-detail/en/microchip-technology/MIC6315-46D4UY-TR/1611-MIC6315-46D4UY-CT-ND/5700749,"","","","","","","","",IC SUPERVISOR 1 CHANNEL SOT143,"",footprints/Leaded - SOT/PCB - LEADED - SOT - MICROCHIP SOT-143-4.PCBLIB,"","",MICROCHIP SOT-143-4,"","","2020-09-02 01:24:55.353000",Active,Microchip Technology,MIC6315-46D4UY-TR,"",Surface Mount,"1",-40°C ~ 85°C (TA),Open Drain or Open Collector,"TO-253-4, TO-253AA",TapeAndReel,Active,"0.30",Active Low,"1.1s Minimum",-,DigiKey,"1611-MIC6315-46D4UY-CT-ND","","","","","","","","","","",SOT-143,symbols/Reset/SCH - RESET - MICROCHIP MIC6315.SCHLIB,MICROCHIP MIC6315,Simple Reset/Power-On Reset,"","4.63V"
=Part Number,Datasheet,http://www.microchip.com/mymicrochip/filehandler.aspx?ddocname=en580550,DigiKey Link,http://digikey.com/product-detail/en/microchip-technology/MIC6315-42D3UY-TR/1611-MIC6315-42D3UY-CT-ND/5700747,"","","","","","","","",IC SUPERVISOR 1 CHANNEL SOT143,"",footprints/Leaded - SOT/PCB - LEADED - SOT - MICROCHIP SOT-143-4.PCBLIB,"","",MICROCHIP SOT-143-4,"","","2020-09-02 01:24:55.333000",Active,Microchip Technology,MIC6315-42D3UY-TR,"",Surface Mount,"1",-40°C ~ 85°C (TA),Open Drain or Open Collector,"TO-253-4, TO-253AA",TapeAndReel,Active,"0.30",Active Low,"140ms Minimum",-,DigiKey,"1611-MIC6315-42D3UY-CT-ND","","","","","","","","","","",SOT-143,symbols/Reset/SCH - RESET - MICROCHIP MIC6315.SCHLIB,MICROCHIP MIC6315,Simple Reset/Power-On Reset,"","4.2V"
=Part Number,Datasheet,http://www.st.com/content/ccc/resource/technical/document/datasheet/64/6b/44/43/61/e6/41/d5/CD00081393.pdf/files/CD00081393.pdf/jcr:content/translations/en.CD00081393.pdf,DigiKey Link,http://digikey.com/product-detail/en/stmicroelectronics/STM6315RDW13F/497-5127-1-ND/1117554,"","","","","","","","",IC SUPERVISOR 1 CHANNEL SOT143-4,"",footprints/Leaded - SOT/PCB - LEADED - SOT - ST SOT-143-4.PCBLIB,"","",ST SOT-143-4,"","","2020-09-02 01:24:55.797000",Active,STMicroelectronics,STM6315RDW13F,"1",Surface Mount,"1",-40°C ~ 125°C (TA),Open Drain or Open Collector,"TO-253-4, TO-253AA",TapeAndReel,Active,"0.38",Active Low,"112ms Minimum",-,DigiKey,"497-5127-1-ND","","","","","","","","","","",SOT-143-4,symbols/Reset/SCH - RESET - ST STM3615.SCHLIB,ST STM3615,Simple Reset/Power-On Reset,"","2.63V"
=Part Number,Datasheet,http://www.st.com/content/ccc/resource/technical/document/datasheet/64/6b/44/43/61/e6/41/d5/CD00081393.pdf/files/CD00081393.pdf/jcr:content/translations/en.CD00081393.pdf,DigiKey Link,http://digikey.com/product-detail/en/stmicroelectronics/STM6315SDW13F/497-4975-1-ND/1003446,"","","","","","","","",IC SUPERVISOR 1 CHANNEL SOT143-4,"",footprints/Leaded - SOT/PCB - LEADED - SOT - ST SOT-143-4.PCBLIB,"","",ST SOT-143-4,"","","2020-09-02 01:24:55.793000",Active,STMicroelectronics,STM6315SDW13F,"1",Surface Mount,"1",-40°C ~ 125°C (TA),Open Drain or Open Collector,"TO-253-4, TO-253AA",TapeAndReel,Active,"0.23",Active Low,"112ms Minimum",-,DigiKey,"497-4975-1-ND","","","","","","","","","","",SOT-143-4,symbols/Reset/SCH - RESET - ST STM3615.SCHLIB,ST STM3615,Simple Reset/Power-On Reset,"","2.93V"
=Part Number,Datasheet,http://www.st.com/content/ccc/resource/technical/document/datasheet/64/6b/44/43/61/e6/41/d5/CD00081393.pdf/files/CD00081393.pdf/jcr:content/translations/en.CD00081393.pdf,DigiKey Link,http://digikey.com/product-detail/en/stmicroelectronics/STM6315MDW13F/497-6028-1-ND/1632057,"","","","","","","","",IC SUPERVISOR 1 CHANNEL SOT143-4,"",footprints/Leaded - SOT/PCB - LEADED - SOT - ST SOT-143-4.PCBLIB,"","",ST SOT-143-4,"","","2020-09-02 01:24:55.793000",Active,STMicroelectronics,STM6315MDW13F,"1",Surface Mount,"1",-40°C ~ 125°C (TA),Open Drain or Open Collector,"TO-253-4, TO-253AA",TapeAndReel,Active,"0.23",Active Low,"140ms Minimum",-,DigiKey,"497-6028-1-ND","","","","","","","","","","",SOT-143-4,symbols/Reset/SCH - RESET - ST STM3615.SCHLIB,ST STM3615,Simple Reset/Power-On Reset,"","4.38V"
=Part Number,Datasheet,http://www.st.com/content/ccc/resource/technical/document/datasheet/64/6b/44/43/61/e6/41/d5/CD00081393.pdf/files/CD00081393.pdf/jcr:content/translations/en.CD00081393.pdf,DigiKey Link,http://digikey.com/product-detail/en/stmicroelectronics/STM6315RAW13F/497-6122-1-ND/1654047,"","","","","","","","",IC SUPERVISOR 1 CHANNEL SOT143-4,"",footprints/Leaded - SOT/PCB - LEADED - SOT - ST SOT-143-4.PCBLIB,"","",ST SOT-143-4,"","","2020-09-02 01:24:55.783000",Active,STMicroelectronics,STM6315RAW13F,"1",Surface Mount,"1",-40°C ~ 125°C (TA),Open Drain or Open Collector,"TO-253-4, TO-253AA",TapeAndReel,Active,"0.33",Active Low,"1ms Minimum",-,DigiKey,"497-6122-1-ND","","","","","","","","","","",SOT-143-4,symbols/Reset/SCH - RESET - ST STM3615.SCHLIB,ST STM3615,Simple Reset/Power-On Reset,"","2.63V"
=Part Number,Datasheet,http://www.st.com/content/ccc/resource/technical/document/datasheet/64/6b/44/43/61/e6/41/d5/CD00081393.pdf/files/CD00081393.pdf/jcr:content/translations/en.CD00081393.pdf,DigiKey Link,http://digikey.com/product-detail/en/stmicroelectronics/STM6315RGW13F/497-6123-1-ND/1654048,"","","","","","","","",IC SUPERVISOR 1 CHANNEL SOT143-4,"",footprints/Leaded - SOT/PCB - LEADED - SOT - ST SOT-143-4.PCBLIB,"","",ST SOT-143-4,"","","2020-09-02 01:24:55.773000",Active,STMicroelectronics,STM6315RGW13F,"1",Surface Mount,"1",-40°C ~ 125°C (TA),Open Drain or Open Collector,"TO-253-4, TO-253AA",TapeAndReel,Active,"0.33",Active Low,"1.12s Minimum",-,DigiKey,"497-6123-1-ND","","","","","","","","","","",SOT-143-4,symbols/Reset/SCH - RESET - ST STM3615.SCHLIB,ST STM3615,Simple Reset/Power-On Reset,"","2.63V"
=Part Number,Datasheet,http://www.st.com/content/ccc/resource/technical/document/datasheet/64/6b/44/43/61/e6/41/d5/CD00081393.pdf/files/CD00081393.pdf/jcr:content/translations/en.CD00081393.pdf,DigiKey Link,http://digikey.com/product-detail/en/stmicroelectronics/STM6315RBW13F/497-5126-1-ND/1117553,"","","","","","","","",IC SUPERVISOR 1 CHANNEL SOT143-4,"",footprints/Leaded - SOT/PCB - LEADED - SOT - ST SOT-143-4.PCBLIB,"","",ST SOT-143-4,"","","2020-09-02 01:24:55.763000",Active,STMicroelectronics,STM6315RBW13F,"1",Surface Mount,"1",-40°C ~ 125°C (TA),Open Drain or Open Collector,"TO-253-4, TO-253AA",TapeAndReel,Active,"0.33",Active Low,"20ms Minimum",-,DigiKey,"497-5126-1-ND","","","","","","","","","","",SOT-143-4,symbols/Reset/SCH - RESET - ST STM3615.SCHLIB,ST STM3615,Simple Reset/Power-On Reset,"","2.63V"
=Part Number,Datasheet,https://datasheets.maximintegrated.com/en/ds/MAX811-MAX812T.pdf,DigiKey Link,http://digikey.com/product-detail/en/maxim-integrated/MAX812TEUS-T/MAX812TEUS-TCT-ND/2234648,"","","","","","","","",IC SUPERVISOR 1 CHANNEL SOT143-4,"",footprints/Leaded - SOT/PCB - LEADED - SOT - MAXIM SOT-143-4.PCBLIB,"","",MAXIM SOT-143-4,"","","2020-09-02 01:24:56.123000",Active,Maxim Integrated,MAX812TEUS+T,"1",Surface Mount,"1",-40°C ~ 85°C (TA),"Push-Pull, Totem Pole","TO-253-4, TO-253AA",CutTape,Active,"3.23",Active High,"140ms Minimum",-,DigiKey,MAX812TEUS+TCT-ND,"","","","","","","","","","",SOT-143-4,symbols/Reset/SCH - RESET - MAXIM MAX812.SCHLIB,MAXIM MAX812,Simple Reset/Power-On Reset,"","3.08V"
=Part Number,Datasheet,https://datasheets.maximintegrated.com/en/ds/MAX811-MAX812T.pdf,DigiKey Link,http://digikey.com/product-detail/en/maxim-integrated/MAX812MEUS-T/MAX812MEUS-TCT-ND/2234646,"","","","","","","","",IC SUPERVISOR 1 CHANNEL SOT143-4,"",footprints/Leaded - SOT/PCB - LEADED - SOT - MAXIM SOT-143-4.PCBLIB,"","",MAXIM SOT-143-4,"","","2020-09-02 01:24:56.120000",Active,Maxim Integrated,MAX812MEUS+T,"1",Surface Mount,"1",-40°C ~ 85°C (TA),"Push-Pull, Totem Pole","TO-253-4, TO-253AA",CutTape,Active,"3.07",Active High,"140ms Minimum",-,DigiKey,MAX812MEUS+TCT-ND,"","","","","","","","","","",SOT-143-4,symbols/Reset/SCH - RESET - MAXIM MAX812.SCHLIB,MAXIM MAX812,Simple Reset/Power-On Reset,"","4.38V"
=Part Number,Datasheet,https://datasheets.maximintegrated.com/en/ds/MAX811-MAX812T.pdf,DigiKey Link,http://digikey.com/product-detail/en/maxim-integrated/MAX812SEUS-T/MAX812SEUS-TCT-ND/774158,"","","","","","","","",IC SUPERVISOR 1 CHANNEL SOT143-4,"",footprints/Leaded - SOT/PCB - LEADED - SOT - MAXIM SOT-143-4.PCBLIB,"","",MAXIM SOT-143-4,"","","2020-09-02 01:24:56.113000",Active,Maxim Integrated,MAX812SEUS+T,"1",Surface Mount,"1",-40°C ~ 85°C (TA),"Push-Pull, Totem Pole","TO-253-4, TO-253AA",CutTape,Active,"3.07",Active High,"140ms Minimum",-,DigiKey,MAX812SEUS+TCT-ND,"","","","","","","","","","",SOT-143-4,symbols/Reset/SCH - RESET - MAXIM MAX812.SCHLIB,MAXIM MAX812,Simple Reset/Power-On Reset,"","2.93V"
=Part Number,Datasheet,https://datasheets.maximintegrated.com/en/ds/MAX811-MAX812T.pdf,DigiKey Link,http://digikey.com/product-detail/en/maxim-integrated/MAX812LEUS-T/MAX812LEUS-TCT-ND/2234645,"","","","","","","","",IC SUPERVISOR 1 CHANNEL SOT143-4,"",footprints/Leaded - SOT/PCB - LEADED - SOT - MAXIM SOT-143-4.PCBLIB,"","",MAXIM SOT-143-4,"","","2020-09-02 01:24:56.100000",Active,Maxim Integrated,MAX812LEUS+T,"1",Surface Mount,"1",-40°C ~ 85°C (TA),"Push-Pull, Totem Pole","TO-253-4, TO-253AA",CutTape,Active,"3.07",Active High,"140ms Minimum",-,DigiKey,MAX812LEUS+TCT-ND,"","","","","","","","","","",SOT-143-4,symbols/Reset/SCH - RESET - MAXIM MAX812.SCHLIB,MAXIM MAX812,Simple Reset/Power-On Reset,"","4.63V"
=Part Number,Datasheet,https://datasheets.maximintegrated.com/en/ds/MAX811-MAX812T.pdf,DigiKey Link,http://digikey.com/product-detail/en/maxim-integrated/MAX812REUS-T/MAX812REUS-TCT-ND/2234647,"","","","","","","","",IC SUPERVISOR 1 CHANNEL SOT143-4,"",footprints/Leaded - SOT/PCB - LEADED - SOT - MAXIM SOT-143-4.PCBLIB,"","",MAXIM SOT-143-4,"","","2020-09-02 01:24:56.083000",Active,Maxim Integrated,MAX812REUS+T,"1",Surface Mount,"1",-40°C ~ 85°C (TA),"Push-Pull, Totem Pole","TO-253-4, TO-253AA",TapeAndReel,Active,"1.43",Active High,"140ms Minimum",-,DigiKey,MAX812REUS+TCT-ND,"","","","","","","","","","",SOT-143-4,symbols/Reset/SCH - RESET - MAXIM MAX812.SCHLIB,MAXIM MAX812,Simple Reset/Power-On Reset,"","2.63V"
=Part Number,Datasheet,https://datasheets.maximintegrated.com/en/ds/MAX811-MAX812T.pdf,DigiKey Link,http://digikey.com/product-detail/en/maxim-integrated/MAX811MEUS-T/MAX811MEUS-TCT-ND/2234644,"","","","","","","","",IC SUPERVISOR 1 CHANNEL SOT143-4,"",footprints/Leaded - SOT/PCB - LEADED - SOT - MAXIM SOT-143-4.PCBLIB,"","",MAXIM SOT-143-4,"","","2020-09-02 01:24:56.430000",Active,Maxim Integrated,MAX811MEUS+T,"1",Surface Mount,"1",-40°C ~ 85°C (TA),"Push-Pull, Totem Pole","TO-253-4, TO-253AA",CutTape,Active,"2.95",Active Low,"140ms Minimum",-,DigiKey,MAX811MEUS+TCT-ND,"","","","","","","","","","",SOT-143-4,symbols/Reset/SCH - RESET - MAXIM MAX811.SCHLIB,MAXIM MAX811,Simple Reset/Power-On Reset,"","4.38V"
=Part Number,Datasheet,https://datasheets.maximintegrated.com/en/ds/MAX811-MAX812T.pdf,DigiKey Link,http://digikey.com/product-detail/en/maxim-integrated/MAX811TEUS-T/MAX811TEUS-TCT-ND/948272,"","","","","","","","",IC SUPERVISOR 1 CHANNEL SOT143-4,"",footprints/Leaded - SOT/PCB - LEADED - SOT - MAXIM SOT-143-4.PCBLIB,"","",MAXIM SOT-143-4,"","","2020-09-02 01:24:56.427000",Active,Maxim Integrated,MAX811TEUS+T,"1",Surface Mount,"1",-40°C ~ 85°C (TA),"Push-Pull, Totem Pole","TO-253-4, TO-253AA",TapeAndReel,Active,"1.55",Active Low,"140ms Minimum",-,DigiKey,MAX811TEUS+TCT-ND,"","","","","","","","","","",SOT-143-4,symbols/Reset/SCH - RESET - MAXIM MAX811.SCHLIB,MAXIM MAX811,Simple Reset/Power-On Reset,"","3.08V"
=Part Number,Datasheet,https://datasheets.maximintegrated.com/en/ds/MAX811-MAX812T.pdf,DigiKey Link,http://digikey.com/product-detail/en/maxim-integrated/MAX811LEUS-T/MAX811LEUS-TCT-ND/948269,"","","","","","","","",IC SUPERVISOR 1 CHANNEL SOT143-4,"",footprints/Leaded - SOT/PCB - LEADED - SOT - MAXIM SOT-143-4.PCBLIB,"","",MAXIM SOT-143-4,"","","2020-09-02 01:24:56.423000",Active,Maxim Integrated,MAX811LEUS+T,"1",Surface Mount,"1",-40°C ~ 85°C (TA),"Push-Pull, Totem Pole","TO-253-4, TO-253AA",TapeAndReel,Active,"1.55",Active Low,"140ms Minimum",-,DigiKey,MAX811LEUS+TCT-ND,"","","","","","","","","","",SOT-143-4,symbols/Reset/SCH - RESET - MAXIM MAX811.SCHLIB,MAXIM MAX811,Simple Reset/Power-On Reset,"","4.63V"
=Part Number,Datasheet,https://datasheets.maximintegrated.com/en/ds/MAX811-MAX812T.pdf,DigiKey Link,http://digikey.com/product-detail/en/maxim-integrated/MAX811SEUS-T/MAX811SEUS-TCT-ND/948271,"","","","","","","","",IC SUPERVISOR 1 CHANNEL SOT143-4,"",footprints/Leaded - SOT/PCB - LEADED - SOT - MAXIM SOT-143-4.PCBLIB,"","",MAXIM SOT-143-4,"","","2020-09-02 01:24:56.420000",Active,Maxim Integrated,MAX811SEUS+T,"1",Surface Mount,"1",-40°C ~ 85°C (TA),"Push-Pull, Totem Pole","TO-253-4, TO-253AA",TapeAndReel,Active,"1.71",Active Low,"140ms Minimum",-,DigiKey,MAX811SEUS+TCT-ND,"","","","","","","","","","",SOT-143-4,symbols/Reset/SCH - RESET - MAXIM MAX811.SCHLIB,MAXIM MAX811,Simple Reset/Power-On Reset,"","2.93V"
=Part Number,Datasheet,https://datasheets.maximintegrated.com/en/ds/MAX811-MAX812T.pdf,DigiKey Link,http://digikey.com/product-detail/en/maxim-integrated/MAX811REUS-T/MAX811REUS-TCT-ND/948270,"","","","","","","","",IC SUPERVISOR 1 CHANNEL SOT143-4,"",footprints/Leaded - SOT/PCB - LEADED - SOT - MAXIM SOT-143-4.PCBLIB,"","",MAXIM SOT-143-4,"","","2020-09-02 01:24:56.400000",Active,Maxim Integrated,MAX811REUS+T,"1",Surface Mount,"1",-40°C ~ 85°C (TA),"Push-Pull, Totem Pole","TO-253-4, TO-253AA",TapeAndReel,Active,"1.71",Active Low,"140ms Minimum",-,DigiKey,MAX811REUS+TCT-ND,"","","","","","","","","","",SOT-143-4,symbols/Reset/SCH - RESET - MAXIM MAX811.SCHLIB,MAXIM MAX811,Simple Reset/Power-On Reset,"","2.63V"
=Part Number,Datasheet,https://datasheets.maximintegrated.com/en/ds/MAX6315.pdf,DigiKey Link,http://digikey.com/product-detail/en/maxim-integrated/MAX6315US46D2-T/MAX6315US46D2-T-ND/1495609,"","","","","","","","",IC SUPERVISOR 1 CHANNEL SOT143-4,"",footprints/Leaded - SOT/PCB - LEADED - SOT - MAXIM SOT-143-4.PCBLIB,"","",MAXIM SOT-143-4,"","","2020-09-02 01:24:57.017000",Active,Maxim Integrated,MAX6315US46D2+T,"1",Surface Mount,"1",-40°C ~ 125°C (TA),Open Drain or Open Collector,"TO-253-4, TO-253AA",Strip,Active,"4.77",Active Low,"20ms Minimum",-,DigiKey,MAX6315US46D2+T-ND,"","","","","","","","","","",SOT-143-4,symbols/Reset/SCH - RESET - MAXIM MAX6315.SCHLIB,MAXIM MAX6315,Simple Reset/Power-On Reset,"","4.63V"
=Part Number,Datasheet,https://datasheets.maximintegrated.com/en/ds/MAX6315.pdf,DigiKey Link,http://digikey.com/product-detail/en/maxim-integrated/MAX6315US31D2-T/MAX6315US31D2-T-ND/1495624,"","","","","","","","",IC SUPERVISOR 1 CHANNEL SOT143-4,"",footprints/Leaded - SOT/PCB - LEADED - SOT - MAXIM SOT-143-4.PCBLIB,"","",MAXIM SOT-143-4,"","","2020-09-02 01:24:57.013000",Active,Maxim Integrated,MAX6315US31D2+T,"1",Surface Mount,"1",-40°C ~ 125°C (TA),Open Drain or Open Collector,"TO-253-4, TO-253AA",Strip,Active,"4.77",Active Low,"20ms Minimum",-,DigiKey,MAX6315US31D2+T-ND,"","","","","","","","","","",SOT-143-4,symbols/Reset/SCH - RESET - MAXIM MAX6315.SCHLIB,MAXIM MAX6315,Simple Reset/Power-On Reset,"","3.08V"
=Part Number,Datasheet,https://datasheets.maximintegrated.com/en/ds/MAX6315.pdf,DigiKey Link,http://digikey.com/product-detail/en/maxim-integrated/MAX6315US30D4-T/MAX6315US30D4-T-ND/1495741,"","","","","","","","",IC SUPERVISOR 1 CHANNEL SOT143-4,"",footprints/Leaded - SOT/PCB - LEADED - SOT - MAXIM SOT-143-4.PCBLIB,"","",MAXIM SOT-143-4,"","","2020-09-02 01:24:57.010000",Active,Maxim Integrated,MAX6315US30D4+T,"1",Surface Mount,"1",-40°C ~ 125°C (TA),Open Drain or Open Collector,"TO-253-4, TO-253AA",Strip,Active,"4.77",Active Low,"1.12s Minimum",-,DigiKey,MAX6315US30D4+T-ND,"","","","","","","","","","",SOT-143-4,symbols/Reset/SCH - RESET - MAXIM MAX6315.SCHLIB,MAXIM MAX6315,Simple Reset/Power-On Reset,"","3V"
=Part Number,Datasheet,https://datasheets.maximintegrated.com/en/ds/MAX6315.pdf,DigiKey Link,http://digikey.com/product-detail/en/maxim-integrated/MAX6315US26D4-T/MAX6315US26D4-T-ND/1495549,"","","","","","","","",IC SUPERVISOR 1 CHANNEL SOT143-4,"",footprints/Leaded - SOT/PCB - LEADED - SOT - MAXIM SOT-143-4.PCBLIB,"","",MAXIM SOT-143-4,"","","2020-09-02 01:24:56.990000",Active,Maxim Integrated,MAX6315US26D4+T,"1",Surface Mount,"1",-40°C ~ 125°C (TA),Open Drain or Open Collector,"TO-253-4, TO-253AA",Strip,Active,"4.77",Active Low,"1.12s Minimum",-,DigiKey,MAX6315US26D4+T-ND,"","","","","","","","","","",SOT-143-4,symbols/Reset/SCH - RESET - MAXIM MAX6315.SCHLIB,MAXIM MAX6315,Simple Reset/Power-On Reset,"","2.63V"
=Part Number,Datasheet,https://datasheets.maximintegrated.com/en/ds/MAX6315.pdf,DigiKey Link,http://digikey.com/product-detail/en/maxim-integrated/MAX6315US44D1-T/MAX6315US44D1-T-ND/1495675,"","","","","","","","",IC SUPERVISOR 1 CHANNEL SOT143-4,"",footprints/Leaded - SOT/PCB - LEADED - SOT - MAXIM SOT-143-4.PCBLIB,"","",MAXIM SOT-143-4,"","","2020-09-02 01:24:56.987000",Active,Maxim Integrated,MAX6315US44D1+T,"1",Surface Mount,"1",-40°C ~ 125°C (TA),Open Drain or Open Collector,"TO-253-4, TO-253AA",Strip,Active,"4.77",Active Low,"1ms Minimum",-,DigiKey,MAX6315US44D1+T-ND,"","","","","","","","","","",SOT-143-4,symbols/Reset/SCH - RESET - MAXIM MAX6315.SCHLIB,MAXIM MAX6315,Simple Reset/Power-On Reset,"","4.39V"
=Part Number,Datasheet,https://datasheets.maximintegrated.com/en/ds/MAX6315.pdf,DigiKey Link,http://digikey.com/product-detail/en/maxim-integrated/MAX6315US29D1-T/MAX6315US29D1-T-ND/3829334,"","","","","","","","",IC SUPERVISOR 1 CHANNEL SOT143-4,"",footprints/Leaded - SOT/PCB - LEADED - SOT - MAXIM SOT-143-4.PCBLIB,"","",MAXIM SOT-143-4,"","","2020-09-02 01:24:56.973000",Active,Maxim Integrated,MAX6315US29D1+T,"1",Surface Mount,"1",-40°C ~ 125°C (TA),Open Drain or Open Collector,"TO-253-4, TO-253AA",Strip,Active,"4.77",Active Low,"1ms Minimum",-,DigiKey,MAX6315US29D1+T-ND,"","","","","","","","","","",SOT-143-4,symbols/Reset/SCH - RESET - MAXIM MAX6315.SCHLIB,MAXIM MAX6315,Simple Reset/Power-On Reset,"","2.93V"
=Part Number,Datasheet,https://datasheets.maximintegrated.com/en/ds/MAX6315.pdf,DigiKey Link,http://digikey.com/product-detail/en/maxim-integrated/MAX6315US29D4-T/MAX6315US29D4-TCT-ND/5861913,"","","","","","","","",IC SUPERVISOR 1 CHANNEL SOT143-4,"",footprints/Leaded - SOT/PCB - LEADED - SOT - MAXIM SOT-143-4.PCBLIB,"","",MAXIM SOT-143-4,"","","2020-09-02 01:24:56.960000",Active,Maxim Integrated,MAX6315US29D4+T,"1",Surface Mount,"1",-40°C ~ 125°C (TA),Open Drain or Open Collector,"TO-253-4, TO-253AA",Strip,Active,"4.77",Active Low,"1.12s Minimum",-,DigiKey,MAX6315US29D4+TCT-ND,"","","","","","","","","","",SOT-143-4,symbols/Reset/SCH - RESET - MAXIM MAX6315.SCHLIB,MAXIM MAX6315,Simple Reset/Power-On Reset,"","2.93V"
=Part Number,Datasheet,https://datasheets.maximintegrated.com/en/ds/MAX6315.pdf,DigiKey Link,http://digikey.com/product-detail/en/maxim-integrated/MAX6315US30D3-T/MAX6315US30D3-T-ND/1495474,"","","","","","","","",IC SUPERVISOR 1 CHANNEL SOT143-4,"",footprints/Leaded - SOT/PCB - LEADED - SOT - MAXIM SOT-143-4.PCBLIB,"","",MAXIM SOT-143-4,"","","2020-09-02 01:24:56.940000",Active,Maxim Integrated,MAX6315US30D3+T,"1",Surface Mount,"1",-40°C ~ 125°C (TA),Open Drain or Open Collector,"TO-253-4, TO-253AA",Strip,Active,"5.41",Active Low,"140ms Minimum",-,DigiKey,MAX6315US30D3+T-ND,"","","","","","","","","","",SOT-143-4,symbols/Reset/SCH - RESET - MAXIM MAX6315.SCHLIB,MAXIM MAX6315,Simple Reset/Power-On Reset,"","3V"
=Part Number,Datasheet,https://datasheets.maximintegrated.com/en/ds/MAX6315.pdf,DigiKey Link,http://digikey.com/product-detail/en/maxim-integrated/MAX6315US30D1-T/MAX6315US30D1-T-ND/1495590,"","","","","","","","",IC SUPERVISOR 1 CHANNEL SOT143-4,"",footprints/Leaded - SOT/PCB - LEADED - SOT - MAXIM SOT-143-4.PCBLIB,"","",MAXIM SOT-143-4,"","","2020-09-02 01:24:56.930000",Active,Maxim Integrated,MAX6315US30D1+T,"1",Surface Mount,"1",-40°C ~ 125°C (TA),Open Drain or Open Collector,"TO-253-4, TO-253AA",Strip,Active,"5.41",Active Low,"1ms Minimum",-,DigiKey,MAX6315US30D1+T-ND,"","","","","","","","","","",SOT-143-4,symbols/Reset/SCH - RESET - MAXIM MAX6315.SCHLIB,MAXIM MAX6315,Simple Reset/Power-On Reset,"","3V"
=Part Number,Datasheet,https://datasheets.maximintegrated.com/en/ds/MAX6315.pdf,DigiKey Link,http://digikey.com/product-detail/en/maxim-integrated/MAX6315US30D2-T/MAX6315US30D2-TCT-ND/5861915,"","","","","","","","",IC SUPERVISOR 1 CHANNEL SOT143-4,"",footprints/Leaded - SOT/PCB - LEADED - SOT - MAXIM SOT-143-4.PCBLIB,"","",MAXIM SOT-143-4,"","","2020-09-02 01:24:56.917000",Active,Maxim Integrated,MAX6315US30D2+T,"1",Surface Mount,"1",-40°C ~ 125°C (TA),Open Drain or Open Collector,"TO-253-4, TO-253AA",Strip,Active,"5.41",Active Low,"20ms Minimum",-,DigiKey,MAX6315US30D2+TCT-ND,"","","","","","","","","","",SOT-143-4,symbols/Reset/SCH - RESET - MAXIM MAX6315.SCHLIB,MAXIM MAX6315,Simple Reset/Power-On Reset,"","3V"
=Part Number,Datasheet,https://datasheets.maximintegrated.com/en/ds/MAX6315.pdf,DigiKey Link,http://digikey.com/product-detail/en/maxim-integrated/MAX6315US45D3-T/MAX6315US45D3-TCT-ND/5821139,"","","","","","","","",IC SUPERVISOR 1 CHANNEL SOT143-4,"",footprints/Leaded - SOT/PCB - LEADED - SOT - MAXIM SOT-143-4.PCBLIB,"","",MAXIM SOT-143-4,"","","2020-09-02 01:24:56.903000",Active,Maxim Integrated,MAX6315US45D3+T,"1",Surface Mount,"1",-40°C ~ 125°C (TA),Open Drain or Open Collector,"TO-253-4, TO-253AA",CutTape,Active,"2.92",Active Low,"140ms Minimum",-,DigiKey,MAX6315US45D3+TCT-ND,"","","","","","","","","","",SOT-143-4,symbols/Reset/SCH - RESET - MAXIM MAX6315.SCHLIB,MAXIM MAX6315,Simple Reset/Power-On Reset,"","4.5V"
=Part Number,Datasheet,https://datasheets.maximintegrated.com/en/ds/MAX6315.pdf,DigiKey Link,http://digikey.com/product-detail/en/maxim-integrated/MAX6315US26D1-T/MAX6315US26D1-TCT-ND/2351297,"","","","","","","","",IC SUPERVISOR 1 CHANNEL SOT143-4,"",footprints/Leaded - SOT/PCB - LEADED - SOT - MAXIM SOT-143-4.PCBLIB,"","",MAXIM SOT-143-4,"","","2020-09-02 01:24:56.883000",Active,Maxim Integrated,MAX6315US26D1+T,"1",Surface Mount,"1",-40°C ~ 125°C (TA),Open Drain or Open Collector,"TO-253-4, TO-253AA",CutTape,Active,"2.76",Active Low,"1ms Minimum",-,DigiKey,MAX6315US26D1+TCT-ND,"","","","","","","","","","",SOT-143-4,symbols/Reset/SCH - RESET - MAXIM MAX6315.SCHLIB,MAXIM MAX6315,Simple Reset/Power-On Reset,"","2.63V"
=Part Number,Datasheet,https://datasheets.maximintegrated.com/en/ds/MAX6315.pdf,DigiKey Link,http://digikey.com/product-detail/en/maxim-integrated/MAX6315US44D2-T/MAX6315US44D2-CT-ND/5405825,"","","","","","","","",IC SUPERVISOR 1 CHANNEL SOT143-4,"",footprints/Leaded - SOT/PCB - LEADED - SOT - MAXIM SOT-143-4.PCBLIB,"","",MAXIM SOT-143-4,"","","2020-09-02 01:24:56.863000",Active,Maxim Integrated,MAX6315US44D2+T,"1",Surface Mount,"1",-40°C ~ 125°C (TA),Open Drain or Open Collector,"TO-253-4, TO-253AA",TapeAndReel,Active,"1.38",Active Low,"20ms Minimum",-,DigiKey,MAX6315US44D2+CT-ND,"","","","","","","","","","",SOT-143-4,symbols/Reset/SCH - RESET - MAXIM MAX6315.SCHLIB,MAXIM MAX6315,Simple Reset/Power-On Reset,"","4.39V"
=Part Number,Datasheet,https://datasheets.maximintegrated.com/en/ds/MAX6315.pdf,DigiKey Link,http://digikey.com/product-detail/en/maxim-integrated/MAX6315US29D3-T/MAX6315US29D3-TCT-ND/2234424,"","","","","","","","",IC SUPERVISOR 1 CHANNEL SOT143-4,"",footprints/Leaded - SOT/PCB - LEADED - SOT - MAXIM SOT-143-4.PCBLIB,"","",MAXIM SOT-143-4,"","","2020-09-02 01:24:56.860000",Active,Maxim Integrated,MAX6315US29D3+T,"1",Surface Mount,"1",-40°C ~ 125°C (TA),Open Drain or Open Collector,"TO-253-4, TO-253AA",TapeAndReel,Active,"1.45",Active Low,"140ms Minimum",-,DigiKey,MAX6315US29D3+TCT-ND,"","","","","","","","","","",SOT-143-4,symbols/Reset/SCH - RESET - MAXIM MAX6315.SCHLIB,MAXIM MAX6315,Simple Reset/Power-On Reset,"","2.93V"
=Part Number,Datasheet,https://datasheets.maximintegrated.com/en/ds/MAX6315.pdf,DigiKey Link,http://digikey.com/product-detail/en/maxim-integrated/MAX6315US44D3-T/MAX6315US44D3-TCT-ND/2234426,"","","","","","","","",IC SUPERVISOR 1 CHANNEL SOT143-4,"",footprints/Leaded - SOT/PCB - LEADED - SOT - MAXIM SOT-143-4.PCBLIB,"","",MAXIM SOT-143-4,"","","2020-09-02 01:24:56.837000",Active,Maxim Integrated,MAX6315US44D3+T,"1",Surface Mount,"1",-40°C ~ 125°C (TA),Open Drain or Open Collector,"TO-253-4, TO-253AA",CutTape,Active,"2.76",Active Low,"140ms Minimum",-,DigiKey,MAX6315US44D3+TCT-ND,"","","","","","","","","","",SOT-143-4,symbols/Reset/SCH - RESET - MAXIM MAX6315.SCHLIB,MAXIM MAX6315,Simple Reset/Power-On Reset,"","4.39V"
=Part Number,Datasheet,https://datasheets.maximintegrated.com/en/ds/MAX6315.pdf,DigiKey Link,http://digikey.com/product-detail/en/maxim-integrated/MAX6315US46D3-T/MAX6315US46D3-TCT-ND/2234427,"","","","","","","","",IC SUPERVISOR 1 CHANNEL SOT143-4,"",footprints/Leaded - SOT/PCB - LEADED - SOT - MAXIM SOT-143-4.PCBLIB,"","",MAXIM SOT-143-4,"","","2020-09-02 01:24:56.833000",Active,Maxim Integrated,MAX6315US46D3+T,"1",Surface Mount,"1",-40°C ~ 125°C (TA),Open Drain or Open Collector,"TO-253-4, TO-253AA",TapeAndReel,Active,"1.45",Active Low,"140ms Minimum",-,DigiKey,MAX6315US46D3+TCT-ND,"","","","","","","","","","",SOT-143-4,symbols/Reset/SCH - RESET - MAXIM MAX6315.SCHLIB,MAXIM MAX6315,Simple Reset/Power-On Reset,"","4.63V"
=Part Number,Datasheet,https://datasheets.maximintegrated.com/en/ds/MAX6315.pdf,DigiKey Link,http://digikey.com/product-detail/en/maxim-integrated/MAX6315US31D3-T/MAX6315US31D3-TCT-ND/2234425,"","","","","","","","",IC SUPERVISOR 1 CHANNEL SOT143-4,"",footprints/Leaded - SOT/PCB - LEADED - SOT - MAXIM SOT-143-4.PCBLIB,"","",MAXIM SOT-143-4,"","","2020-09-02 01:24:56.830000",Active,Maxim Integrated,MAX6315US31D3+T,"1",Surface Mount,"1",-40°C ~ 125°C (TA),Open Drain or Open Collector,"TO-253-4, TO-253AA",TapeAndReel,Active,"1.45",Active Low,"140ms Minimum",-,DigiKey,MAX6315US31D3+TCT-ND,"","","","","","","","","","",SOT-143-4,symbols/Reset/SCH - RESET - MAXIM MAX6315.SCHLIB,MAXIM MAX6315,Simple Reset/Power-On Reset,"","3.08V"
=Part Number,Datasheet,https://datasheets.maximintegrated.com/en/ds/MAX6315.pdf,DigiKey Link,http://digikey.com/product-detail/en/maxim-integrated/MAX6315US26D3-T/MAX6315US26D3-TCT-ND/2234423,"","","","","","","","",IC SUPERVISOR 1 CHANNEL SOT143-4,"",footprints/Leaded - SOT/PCB - LEADED - SOT - MAXIM SOT-143-4.PCBLIB,"","",MAXIM SOT-143-4,"","","2020-09-02 01:24:56.827000",Active,Maxim Integrated,MAX6315US26D3+T,"1",Surface Mount,"1",-40°C ~ 125°C (TA),Open Drain or Open Collector,"TO-253-4, TO-253AA",TapeAndReel,Active,"1.45",Active Low,"140ms Minimum",-,DigiKey,MAX6315US26D3+TCT-ND,"","","","","","","","","","",SOT-143-4,symbols/Reset/SCH - RESET - MAXIM MAX6315.SCHLIB,MAXIM MAX6315,Simple Reset/Power-On Reset,"","2.63V"
=Part Number,Datasheet,https://datasheets.maximintegrated.com/en/ds/MAX6315.pdf,DigiKey Link,http://digikey.com/product-detail/en/maxim-integrated/MAX6315US31D4-T/MAX6315US31D4-TCT-ND/5821138,"","","","","","","","",IC SUPERVISOR 1 CHANNEL SOT143-4,"",footprints/Leaded - SOT/PCB - LEADED - SOT - MAXIM SOT-143-4.PCBLIB,"","",MAXIM SOT-143-4,"","","2020-09-02 01:24:56.807000",Active,Maxim Integrated,MAX6315US31D4+T,"1",Surface Mount,"1",-40°C ~ 125°C (TA),Open Drain or Open Collector,"TO-253-4, TO-253AA",TapeAndReel,Active,"1.41",Active Low,"1.12s Minimum",-,DigiKey,MAX6315US31D4+TCT-ND,"","","","","","","","","","",SOT-143-4,symbols/Reset/SCH - RESET - MAXIM MAX6315.SCHLIB,MAXIM MAX6315,Simple Reset/Power-On Reset,"","3.08V"
=Part Number,Datasheet,https://datasheets.maximintegrated.com/en/ds/MAX6315.pdf,DigiKey Link,http://digikey.com/product-detail/en/maxim-integrated/MAX6315US29D2-T/MAX6315US29D2-T-ND/1130172,"","","","","","","","",IC SUPERVISOR 1 CHANNEL SOT143-4,"",footprints/Leaded - SOT/PCB - LEADED - SOT - MAXIM SOT-143-4.PCBLIB,"","",MAXIM SOT-143-4,"","","2020-09-02 01:24:56.790000",Active,Maxim Integrated,MAX6315US29D2+T,"1",Surface Mount,"1",-40°C ~ 125°C (TA),Open Drain or Open Collector,"TO-253-4, TO-253AA",Strip,Active,"5.41",Active Low,"20ms Minimum",-,DigiKey,MAX6315US29D2+T-ND,"","","","","","","","","","",SOT-143-4,symbols/Reset/SCH - RESET - MAXIM MAX6315.SCHLIB,MAXIM MAX6315,Simple Reset/Power-On Reset,"","2.93V"
=Part Number,Datasheet,https://datasheets.maximintegrated.com/en/ds/MAX6315.pdf,DigiKey Link,http://digikey.com/product-detail/en/maxim-integrated/MAX6315US26D2-T/MAX6315US26D2-TCT-ND/2699454,"","","","","","","","",IC SUPERVISOR 1 CHANNEL SOT143-4,"",footprints/Leaded - SOT/PCB - LEADED - SOT - MAXIM SOT-143-4.PCBLIB,"","",MAXIM SOT-143-4,"","","2020-09-02 01:24:56.770000",Active,Maxim Integrated,MAX6315US26D2+T,"1",Surface Mount,"1",-40°C ~ 125°C (TA),Open Drain or Open Collector,"TO-253-4, TO-253AA",TapeAndReel,Active,"1.45",Active Low,"20ms Minimum",-,DigiKey,MAX6315US26D2+TCT-ND,"","","","","","","","","","",SOT-143-4,symbols/Reset/SCH - RESET - MAXIM MAX6315.SCHLIB,MAXIM MAX6315,Simple Reset/Power-On Reset,"","2.63V"
=Part Number,Datasheet,http://www.st.com/content/ccc/resource/technical/document/datasheet/64/6b/44/43/61/e6/41/d5/CD00081393.pdf/files/CD00081393.pdf/jcr:content/translations/en.CD00081393.pdf,DigiKey Link,http://digikey.com/product-detail/en/stmicroelectronics/STM6315LBW13F/497-STM6315LBW13FCT-ND/1144713,"","","","","","","","",IC SUPERVISOR 1 CHANNEL SOT143-4,"",footprints/Leaded - SOT/PCB - LEADED - SOT - ST SOT-143-4.PCBLIB,"","",ST SOT-143-4,"","","2020-09-02 01:24:55.743000",Active,STMicroelectronics,STM6315LBW13F,"1",Surface Mount,"1",-40°C ~ 125°C (TA),Open Drain or Open Collector,"TO-253-4, TO-253AA",TapeAndReel,Active,"0.23",Active Low,"20ms Minimum",-,DigiKey,"497-STM6315LBW13FCT-ND","","","","","","","","","","",SOT-143-4,symbols/Reset/SCH - RESET - ST STM3615.SCHLIB,ST STM3615,Simple Reset/Power-On Reset,"","4.63V"
