"Actuator Height off PCB, Vertical","Actuator Length, Right Angle","Actuator Orientation","Actuator Type","Circuit","Comment","ComponentLink1Description","ComponentLink1URL","ComponentLink2Description","ComponentLink2URL","ComponentLink3Description","ComponentLink3URL","ComponentLink4Description","ComponentLink4URL","ComponentLink5Description","ComponentLink5URL","ComponentLink6Description","ComponentLink6URL","Contact Rating @ Voltage","Description","Device Package","Features","Footprint Path","Footprint Path 2","Footprint Path 3","Footprint Ref","Footprint Ref 2","Footprint Ref 3","Illumination","Illumination Type, Color","Illumination Voltage (Nominal)","Ingress Protection","LastUpdated","Lifecycle Status","Manufacturer","Part Number","Minimum Order","Mounting Type","Operating Force","Operating Temperature","Outline","Packaging","Part Status","Price","Series","Supplier 1","Supplier Part Number 1","Supplier 2","Supplier Part Number 2","Supplier 3","Supplier Part Number 3","Supplier 4","Supplier Part Number 4","Supplier 5","Supplier Part Number 5","Supplier 6","Supplier Part Number 6","Switch Function","Library Path","Library Ref","Termination Style","Type","Value"
"0.60mm","",Top Actuated,Standard,SPST-NO,=Part Number,Datasheet,https://dznh3ojzb2azq.cloudfront.net/products/Tactile/KXT3/documents/datasheet.pdf,DigiKey Link,http://digikey.com/product-detail/en/c-k/KXT341-LHS/CKN10781CT-ND/6607324,"","","","","","","","","0.02A @ 15VDC",SWITCH TACTILE SPST-NO 0.02A 15V,"","",footprints/Buttons/PCB - BUTTONS - C&K KXT3.PCBLIB,"","",C&K KXT3,"","",Non-Illuminated,"","","","2020-09-02 01:27:06.727000",Active,C&K,KXT341 LHS,"1",Surface Mount,"330gf",-40°C ~ 85°C,"3.00mm x 2.00mm",TapeAndReel,Active,"0.14",KXT3,DigiKey,CKN10781CT-ND,"","","","","","","","","","",Off-Mom,symbols/Button/SCH - BUTTON - SPST-NO 2 PIN.SCHLIB,SPST-NO 2 PIN,SMD (SMT) Tab,"",""
"0.60mm","",Top Actuated,Standard,SPST-NO,=Part Number,Datasheet,https://dznh3ojzb2azq.cloudfront.net/products/Tactile/KXT3/documents/datasheet.pdf,DigiKey Link,http://digikey.com/product-detail/en/c-k/KXT-311-LHS/CKN10777CT-ND/6599755,"","","","","","","","","0.02A @ 15VDC",SWITCH TACTILE SPST-NO 0.02A 15V,"","",footprints/Buttons/PCB - BUTTONS - C&K KXT3.PCBLIB,"","",C&K KXT3,"","",Non-Illuminated,"","","","2020-09-02 01:27:06.750000",Active,C&K,KXT 311 LHS,"1",Surface Mount,"100gf",-40°C ~ 85°C,"3.00mm x 2.00mm",TapeAndReel,Active,"0.12",KXT3,DigiKey,CKN10777CT-ND,"","","","","","","","","","",Off-Mom,symbols/Button/SCH - BUTTON - SPST-NO 2 PIN.SCHLIB,SPST-NO 2 PIN,SMD (SMT) Tab,"",""
"0.60mm","",Top Actuated,Standard,SPST-NO,=Part Number,Datasheet,https://dznh3ojzb2azq.cloudfront.net/products/Tactile/KXT3/documents/datasheet.pdf,DigiKey Link,http://digikey.com/product-detail/en/c-k/KXT-321-LHS/CKN10778CT-ND/6599756,"","","","","","","","","0.02A @ 15VDC",SWITCH TACTILE SPST-NO 0.02A 15V,"","",footprints/Buttons/PCB - BUTTONS - C&K KXT3.PCBLIB,"","",C&K KXT3,"","",Non-Illuminated,"","","","2020-09-02 01:27:06.770000",Active,C&K,KXT 321 LHS,"1",Surface Mount,"160gf",-40°C ~ 85°C,"3.00mm x 2.00mm",TapeAndReel,Active,"0.12",KXT3,DigiKey,CKN10778CT-ND,"","","","","","","","","","",Off-Mom,symbols/Button/SCH - BUTTON - SPST-NO 2 PIN.SCHLIB,SPST-NO 2 PIN,SMD (SMT) Tab,"",""
"0.60mm","",Top Actuated,Standard,SPST-NO,=Part Number,Datasheet,https://dznh3ojzb2azq.cloudfront.net/products/Tactile/KXT3/documents/datasheet.pdf,DigiKey Link,http://digikey.com/product-detail/en/c-k/KXT-331-LHS/CKN10779CT-ND/6599757,"","","","","","","","","0.02A @ 15VDC",SWITCH TACTILE SPST-NO 0.02A 15V,"","",footprints/Buttons/PCB - BUTTONS - C&K KXT3.PCBLIB,"","",C&K KXT3,"","",Non-Illuminated,"","","","2020-09-02 01:27:06.773000",Active,C&K,KXT 331 LHS,"1",Surface Mount,"240gf",-40°C ~ 85°C,"3.00mm x 2.00mm",TapeAndReel,Active,"0.12",KXT3,DigiKey,CKN10779CT-ND,"","","","","","","","","","",Off-Mom,symbols/Button/SCH - BUTTON - SPST-NO 2 PIN.SCHLIB,SPST-NO 2 PIN,SMD (SMT) Tab,"",""
"0.60mm","",Top Actuated,Standard,SPST-NO,=Part Number,Datasheet,https://industrial.panasonic.com/ac/cdn/e/control/switch/light-touch/catalog/sw_lt_eng_3020s.pdf,DigiKey Link,http://digikey.com/product-detail/en/panasonic-electronic-components/EVP-AWED4A/P123440CT-ND/8568287,"","","","","","","","","0.02A @ 15VDC","3.0MM X 2.0MM / 3.3N / 0.15MM ST","","",footprints/Buttons/PCB - BUTTONS - PANASONIC EVPAW.PCBLIB,"","",PANASONIC EVPAW,"","",Non-Illuminated,"","","IP67 - Dust Tight, Waterproof","2020-09-02 01:27:07.027000",Active,Panasonic Electronic Components,EVP-AWED4A,"1",Surface Mount,"330gf",-40°C ~ 85°C,"3.00mm x 2.00mm",TapeAndReel,Active,"0.14",EVPAW,DigiKey,P123440CT-ND,"","","","","","","","","","",Off-Mom,symbols/Button/SCH - BUTTON - SPST-NO 2 PIN.SCHLIB,SPST-NO 2 PIN,SMD (SMT) Tab,"",""
"0.60mm","",Top Actuated,Standard,SPST-NO,=Part Number,Datasheet,https://industrial.panasonic.com/ac/cdn/e/control/switch/light-touch/catalog/sw_lt_eng_3020s.pdf,DigiKey Link,http://digikey.com/product-detail/en/panasonic-electronic-components/EVP-AWCD4A/P123439CT-ND/8568286,"","","","","","","","","0.02A @ 15VDC","3.0MM X 2.0MM / 2.4N / 0.13MM ST","","",footprints/Buttons/PCB - BUTTONS - PANASONIC EVPAW.PCBLIB,"","",PANASONIC EVPAW,"","",Non-Illuminated,"","","IP67 - Dust Tight, Waterproof","2020-09-02 01:27:07.037000",Active,Panasonic Electronic Components,EVP-AWCD4A,"1",Surface Mount,"240gf",-40°C ~ 85°C,"3.00mm x 2.00mm",TapeAndReel,Active,"0.14",EVPAW,DigiKey,P123439CT-ND,"","","","","","","","","","",Off-Mom,symbols/Button/SCH - BUTTON - SPST-NO 2 PIN.SCHLIB,SPST-NO 2 PIN,SMD (SMT) Tab,"",""
"0.60mm","",Top Actuated,Standard,SPST-NO,=Part Number,Datasheet,https://industrial.panasonic.com/ac/cdn/e/control/switch/light-touch/catalog/sw_lt_eng_3020s.pdf,DigiKey Link,http://digikey.com/product-detail/en/panasonic-electronic-components/EVP-AWBD4A/P123438CT-ND/8568285,"","","","","","","","","0.02A @ 15VDC","3.0MM X 2.0MM / 1.6N / 0.13MM ST","","",footprints/Buttons/PCB - BUTTONS - PANASONIC EVPAW.PCBLIB,"","",PANASONIC EVPAW,"","",Non-Illuminated,"","","IP67 - Dust Tight, Waterproof","2020-09-02 01:27:07.037000",Active,Panasonic Electronic Components,EVP-AWBD4A,"1",Surface Mount,"160gf",-40°C ~ 85°C,"3.00mm x 2.00mm",TapeAndReel,Active,"0.14",EVPAW,DigiKey,P123438CT-ND,"","","","","","","","","","",Off-Mom,symbols/Button/SCH - BUTTON - SPST-NO 2 PIN.SCHLIB,SPST-NO 2 PIN,SMD (SMT) Tab,"",""
"0.60mm","",Top Actuated,Standard,SPST-NO,=Part Number,Datasheet,//media.digikey.com/pdf/Data%20Sheets/Panasonic%20Electronic%20Components/EVPAW.pdf,DigiKey Link,http://digikey.com/product-detail/en/panasonic-electronic-components/EVP-AWBD2A/P19743TR-ND/6125102,"","","","","","","","","0.02A @ 15VDC",SWITCH TACTILE SPST-NO 0.02A 15V,"","",footprints/Buttons/PCB - BUTTONS - PANASONIC EVPAW.PCBLIB,"","",PANASONIC EVPAW,"","",Non-Illuminated,"","","IP67 - Dust Tight, Waterproof","2020-09-02 01:27:07.040000",Active,Panasonic Electronic Components,EVP-AWBD2A,"",Surface Mount,"160gf",-40°C ~ 85°C,"3.00mm x 2.00mm","",Active,"0",EVPAW,DigiKey,P19743TR-ND,"","","","","","","","","","",Off-Mom,symbols/Button/SCH - BUTTON - SPST-NO 2 PIN.SCHLIB,SPST-NO 2 PIN,SMD (SMT) Tab,"",""
"0.60mm","",Top Actuated,Standard,SPST-NO,=Part Number,Datasheet,//media.digikey.com/pdf/Data%20Sheets/Panasonic%20Electronic%20Components/EVPAW.pdf,DigiKey Link,http://digikey.com/product-detail/en/panasonic-electronic-components/EVP-AWCD2A/P19744CT-ND/6125111,"","","","","","","","","0.02A @ 15VDC",SWITCH TACTILE SPST-NO 0.02A 15V,"","",footprints/Buttons/PCB - BUTTONS - PANASONIC EVPAW.PCBLIB,"","",PANASONIC EVPAW,"","",Non-Illuminated,"","","IP67 - Dust Tight, Waterproof","2020-09-02 01:27:07.050000",Active,Panasonic Electronic Components,EVP-AWCD2A,"1",Surface Mount,"240gf",-40°C ~ 85°C,"3.00mm x 2.00mm",TapeAndReel,Active,"0.31",EVPAW,DigiKey,P19744CT-ND,"","","","","","","","","","",Off-Mom,symbols/Button/SCH - BUTTON - SPST-NO 2 PIN.SCHLIB,SPST-NO 2 PIN,SMD (SMT) Tab,"",""
"0.60mm","",Top Actuated,Standard,SPST-NO,=Part Number,Datasheet,//media.digikey.com/pdf/Data%20Sheets/Panasonic%20Electronic%20Components/EVPAW.pdf,DigiKey Link,http://digikey.com/product-detail/en/panasonic-electronic-components/EVP-AWED2A/P19745CT-ND/6125112,"","","","","","","","","0.02A @ 15VDC",SWITCH TACTILE SPST-NO 0.02A 15V,"","",footprints/Buttons/PCB - BUTTONS - PANASONIC EVPAW.PCBLIB,"","",PANASONIC EVPAW,"","",Non-Illuminated,"","","IP67 - Dust Tight, Waterproof","2020-09-02 01:27:07.057000",Active,Panasonic Electronic Components,EVP-AWED2A,"1",Surface Mount,"330gf",-40°C ~ 85°C,"3.00mm x 2.00mm",TapeAndReel,Active,"0.29",EVPAW,DigiKey,P19745CT-ND,"","","","","","","","","","",Off-Mom,symbols/Button/SCH - BUTTON - SPST-NO 2 PIN.SCHLIB,SPST-NO 2 PIN,SMD (SMT) Tab,"",""
"3.10mm","",Top Actuated,Standard,SPST-NO,=Part Number,Datasheet,https://www.te.com/commerce/DocumentDelivery/DDEController?Action=srchrtrv&DocNm=1-1437565-8&DocType=Customer+Drawing&DocLang=English,DigiKey Link,http://digikey.com/product-detail/en/te-connectivity-alcoswitch-switches/FSM1LP/450-1132-ND/525816,"","","","","","","","","0.05A @ 24VDC",SWITCH TACTILE SPST-NO 0.05A 24V,"",Grounding Pin,footprints/Buttons/PCB - BUTTONS - TE FSM1LPATR.PCBLIB,"","",TE FSM1LPATR,"","",Non-Illuminated,"","","","2020-02-04 14:40:31.647000",Active,TE Connectivity ALCOSWITCH Switches,FSM1LP,"1",Surface Mount,"160gf",-35°C ~ 85°C,"6.00mm x 6.00mm",Bulk,Active,"0.51",FSM1LP,DigiKey,"450-1132-ND","","","","","","","","","","",Off-Mom,symbols/Button/SCH - BUTTON - SPST-NO 5 PIN.SCHLIB,SPST-NO 5 PIN,Gull Wing,"",""
"3.10mm","",Top Actuated,Standard,SPST-NO,=Part Number,Datasheet,https://www.te.com/commerce/DocumentDelivery/DDEController?Action=srchrtrv&DocNm=1-1437565-8&DocType=Customer+Drawing&DocLang=English,DigiKey Link,http://digikey.com/product-detail/en/te-connectivity-alcoswitch-switches/FSM1LPTR/450-1756-1-ND/2270986,"","","","","","","","","0.05A @ 24VDC",SWITCH TACTILE SPST-NO 0.05A 24V,"","",footprints/Buttons/PCB - BUTTONS - TE FSM1LPATR.PCBLIB,"","",TE FSM1LPATR,"","",Non-Illuminated,"","","","2020-02-04 14:40:31.650000",Active,TE Connectivity ALCOSWITCH Switches,FSM1LPTR,"1",Surface Mount,"160gf",-35°C ~ 85°C,"6.00mm x 6.00mm",TapeAndReel,Active,"0.34",FSM1LP,DigiKey,"450-1756-1-ND","","","","","","","","","","",Off-Mom,symbols/Button/SCH - BUTTON - SPST-NO 5 PIN.SCHLIB,SPST-NO 5 PIN,Gull Wing,"",""
"3.10mm","",Top Actuated,Standard,SPST-NO,=Part Number,Datasheet,https://www.te.com/commerce/DocumentDelivery/DDEController?Action=srchrtrv&DocNm=1-1437565-8&DocType=Customer+Drawing&DocLang=English,DigiKey Link,http://digikey.com/product-detail/en/te-connectivity-alcoswitch-switches/FSM1LPATR/450-1760-1-ND/2271640,"","","","","","","","","0.05A @ 24VDC",SWITCH TACTILE SPST-NO 0.05A 24V,"","",footprints/Buttons/PCB - BUTTONS - TE FSM1LPATR.PCBLIB,"","",TE FSM1LPATR,"","",Non-Illuminated,"","","","2020-02-04 14:40:31.653000",Active,TE Connectivity ALCOSWITCH Switches,FSM1LPATR,"1",Surface Mount,"260gf",-35°C ~ 85°C,"6.00mm x 6.00mm",TapeAndReel,Active,"0.18",FSM1LP,DigiKey,"450-1760-1-ND","","","","","","","","","","",Off-Mom,symbols/Button/SCH - BUTTON - SPST-NO 5 PIN.SCHLIB,SPST-NO 5 PIN,Gull Wing,"",""
"3.10mm","",Top Actuated,Standard,SPST-NO,=Part Number,Datasheet,https://www.te.com/commerce/DocumentDelivery/DDEController?Action=srchrtrv&DocNm=1308111-1_SWITCHES_CORE_PROGRAM_CATALOG&DocType=CS&DocLang=English,DigiKey Link,http://digikey.com/product-detail/en/te-connectivity-alcoswitch-switches/FSM1LPSTR/450-2156-1-ND/5343836,"","","","","","","","","0.05A @ 24VDC",SWITCH TACTILE SPST-NO 0.05A 24V,"",Grounding Pin,footprints/Buttons/PCB - BUTTONS - TE FSM1LPATR.PCBLIB,"","",TE FSM1LPATR,"","",Non-Illuminated,"","","","2020-02-04 14:40:31.657000",Active,TE Connectivity ALCOSWITCH Switches,FSM1LPSTR,"1",Surface Mount,"160gf",-40°C ~ 105°C,"6.20mm x 6.00mm",TapeAndReel,Active,"0.23",FSM1LP,DigiKey,"450-2156-1-ND","","","","","","","","","","",Off-Mom,symbols/Button/SCH - BUTTON - SPST-NO 5 PIN.SCHLIB,SPST-NO 5 PIN,Gull Wing,"",""
"3.10mm","",Top Actuated,Standard,SPST-NO,=Part Number,Datasheet,https://www.te.com/commerce/DocumentDelivery/DDEController?Action=srchrtrv&DocNm=1-1437565-8&DocType=Customer+Drawing&DocLang=English,DigiKey Link,http://digikey.com/product-detail/en/te-connectivity-alcoswitch-switches/FSM1LPA/450-1139-ND/525817,"","","","","","","","","0.05A @ 24VDC",SWITCH TACTILE SPST-NO 0.05A 24V,"",Grounding Pin,footprints/Buttons/PCB - BUTTONS - TE FSM1LPATR.PCBLIB,"","",TE FSM1LPATR,"","",Non-Illuminated,"","","","2020-02-04 14:40:31.660000",Active,TE Connectivity ALCOSWITCH Switches,FSM1LPA,"1",Surface Mount,"260gf",-35°C ~ 85°C,"6.00mm x 6.00mm",Bulk,Active,"0.58",FSM1LP,DigiKey,"450-1139-ND","","","","","","","","","","",Off-Mom,symbols/Button/SCH - BUTTON - SPST-NO 5 PIN.SCHLIB,SPST-NO 5 PIN,Gull Wing,"",""
"5.00mm","",Top Actuated,Standard,SPST-NO,=Part Number,Datasheet,https://www.te.com/commerce/DocumentDelivery/DDEController?Action=srchrtrv&DocNm=1308111-1_SWITCHES_CORE_PROGRAM_CATALOG&DocType=CS&DocLang=English,DigiKey Link,http://digikey.com/product-detail/en/te-connectivity-alcoswitch-switches/FSM4JSMA/450-1129-ND/525821,"","","","","","","","","0.05A @ 24VDC",SWITCH TACTILE SPST-NO 0.05A 24V,"","",footprints/Buttons/PCB - BUTTONS - TE FSM4JSMA.PCBLIB,"","",TE FSM4JSMA,"","",Non-Illuminated,"","","","2020-09-02 01:27:07.367000",Active,TE Connectivity ALCOSWITCH Switches,FSM4JSMA,"1",Surface Mount,"160gf",-35°C ~ 85°C,"6.00mm x 6.00mm",Bulk,Active,"0.23",FSMJSMA,DigiKey,"450-1129-ND","","","","","","","","","","",Off-Mom,symbols/Button/SCH - BUTTON - SPST-NO 4 PIN.SCHLIB,SPST-NO 4 PIN,Gull Wing,"",""
"5.00mm","",Top Actuated,Standard,SPST-NO,=Part Number,Datasheet,https://www.te.com/commerce/DocumentDelivery/DDEController?Action=srchrtrv&DocNm=1308111-1_SWITCHES_CORE_PROGRAM_CATALOG&DocType=CS&DocLang=English,DigiKey Link,http://digikey.com/product-detail/en/te-connectivity-alcoswitch-switches/FSM4JSMASTR/450-2141-1-ND/5343821,"","","","","","","","","0.05A @ 24VDC",SWITCH TACTILE SPST-NO 0.05A 24V,"","",footprints/Buttons/PCB - BUTTONS - TE FSM4JSMA.PCBLIB,"","",TE FSM4JSMA,"","",Non-Illuminated,"","","","2020-09-02 01:27:07.383000",Active,TE Connectivity ALCOSWITCH Switches,FSM4JSMASTR,"1",Surface Mount,"160gf",-40°C ~ 105°C,"6.00mm x 6.00mm",TapeAndReel,Active,"0.21",FSMJSMA,DigiKey,"450-2141-1-ND","","","","","","","","","","",Off-Mom,symbols/Button/SCH - BUTTON - SPST-NO 4 PIN.SCHLIB,SPST-NO 4 PIN,Gull Wing,"",""
"5.00mm","",Top Actuated,Standard,SPST-NO,=Part Number,Datasheet,https://www.te.com/commerce/DocumentDelivery/DDEController?Action=srchrtrv&DocNm=1308111-1_SWITCHES_CORE_PROGRAM_CATALOG&DocType=CS&DocLang=English,DigiKey Link,http://digikey.com/product-detail/en/te-connectivity-alcoswitch-switches/1571563-4/450-2055-1-ND/4569745,"","","","","","","","","0.05A @ 24VDC",SWITCH TACTILE SPST-NO 0.05A 24V,"","",footprints/Buttons/PCB - BUTTONS - TE FSM4JSMA.PCBLIB,"","",TE FSM4JSMA,"","",Non-Illuminated,"","","","2020-09-02 01:27:07.393000",Active,TE Connectivity ALCOSWITCH Switches,"1571563-4","1",Surface Mount,"260gf",-35°C ~ 85°C,"6.00mm x 6.00mm",TapeAndReel,Active,"0.17",FSMJSMA,DigiKey,"450-2055-1-ND","","","","","","","","","","",Off-Mom,symbols/Button/SCH - BUTTON - SPST-NO 4 PIN.SCHLIB,SPST-NO 4 PIN,Gull Wing,"",""
"5.00mm","",Top Actuated,Standard,SPST-NO,=Part Number,Datasheet,https://www.te.com/commerce/DocumentDelivery/DDEController?Action=srchrtrv&DocNm=1308111-1_SWITCHES_CORE_PROGRAM_CATALOG&DocType=CS&DocLang=English,DigiKey Link,http://digikey.com/product-detail/en/te-connectivity-alcoswitch-switches/FSM4JSMATR/450-1759-1-ND/2271638,"","","","","","","","","0.05A @ 24VDC",SWITCH TACTILE SPST-NO 0.05A 24V,"","",footprints/Buttons/PCB - BUTTONS - TE FSM4JSMA.PCBLIB,"","",TE FSM4JSMA,"","",Non-Illuminated,"","","","2020-09-02 01:27:07.407000",Active,TE Connectivity ALCOSWITCH Switches,FSM4JSMATR,"1",Surface Mount,"160gf",-35°C ~ 85°C,"6.00mm x 6.00mm",TapeAndReel,Active,"0.17",FSMJSMA,DigiKey,"450-1759-1-ND","","","","","","","","","","",Off-Mom,symbols/Button/SCH - BUTTON - SPST-NO 4 PIN.SCHLIB,SPST-NO 4 PIN,Gull Wing,"",""
"7.00mm","",Top Actuated,Standard,SPST-NO,=Part Number,Datasheet,https://www.te.com/commerce/DocumentDelivery/DDEController?Action=srchrtrv&DocNm=1308111-1_SWITCHES_CORE_PROGRAM_CATALOG&DocType=CS&DocLang=English,DigiKey Link,http://digikey.com/product-detail/en/te-connectivity-alcoswitch-switches/FSM6JSMAASTR/450-2138-1-ND/5343818,"","","","","","","","","0.05A @ 24VDC",SWITCH TACTILE SPST-NO 0.05A 24V,"","",footprints/Buttons/PCB - BUTTONS - TE FSM6JSMA.PCBLIB,"","",TE FSM6JSMA,"","",Non-Illuminated,"","","","2020-09-02 01:27:07.720000",Active,TE Connectivity ALCOSWITCH Switches,FSM6JSMAASTR,"1",Surface Mount,"260gf",-40°C ~ 105°C,"6.00mm x 6.00mm",TapeAndReel,Active,"0.37",FSMJSMA,DigiKey,"450-2138-1-ND","","","","","","","","","","",Off-Mom,symbols/Button/SCH - BUTTON - SPST-NO 4 PIN.SCHLIB,SPST-NO 4 PIN,Gull Wing,"",""
"7.00mm","",Top Actuated,Standard,SPST-NO,=Part Number,Datasheet,https://www.te.com/commerce/DocumentDelivery/DDEController?Action=srchrtrv&DocNm=1308111-1_SWITCHES_CORE_PROGRAM_CATALOG&DocType=CS&DocLang=English,DigiKey Link,http://digikey.com/product-detail/en/te-connectivity-alcoswitch-switches/FSM6JSMA/450-1133-ND/525822,"","","","","","","","","0.05A @ 24VDC",SWITCH TACTILE SPST-NO 0.05A 24V,"","",footprints/Buttons/PCB - BUTTONS - TE FSM6JSMA.PCBLIB,"","",TE FSM6JSMA,"","",Non-Illuminated,"","","","2020-09-02 01:27:07.733000",Active,TE Connectivity ALCOSWITCH Switches,FSM6JSMA,"1",Surface Mount,"160gf",-35°C ~ 85°C,"6.00mm x 6.00mm",Bulk,Active,"0.29",FSMJSMA,DigiKey,"450-1133-ND","","","","","","","","","","",Off-Mom,symbols/Button/SCH - BUTTON - SPST-NO 4 PIN.SCHLIB,SPST-NO 4 PIN,Gull Wing,"",""
"7.00mm","",Top Actuated,Standard,SPST-NO,=Part Number,Datasheet,https://www.te.com/commerce/DocumentDelivery/DDEController?Action=srchrtrv&DocNm=1308111-1_SWITCHES_CORE_PROGRAM_CATALOG&DocType=CS&DocLang=English,DigiKey Link,http://digikey.com/product-detail/en/te-connectivity-alcoswitch-switches/FSM6JSMATR/450-2058-1-ND/4569748,"","","","","","","","","0.05A @ 24VDC",SWITCH TACTILE SPST-NO 0.05A 24V,"","",footprints/Buttons/PCB - BUTTONS - TE FSM6JSMA.PCBLIB,"","",TE FSM6JSMA,"","",Non-Illuminated,"","","","2020-09-02 01:27:07.737000",Active,TE Connectivity ALCOSWITCH Switches,FSM6JSMATR,"1",Surface Mount,"160gf",-35°C ~ 85°C,"6.00mm x 6.00mm",TapeAndReel,Active,"0.25",FSMJSMA,DigiKey,"450-2058-1-ND","","","","","","","","","","",Off-Mom,symbols/Button/SCH - BUTTON - SPST-NO 4 PIN.SCHLIB,SPST-NO 4 PIN,Gull Wing,"",""
"4.57mm","",Top Actuated,Standard,SPST-NO,=Part Number,Datasheet,https://www.te.com/commerce/DocumentDelivery/DDEController?Action=srchrtrv&DocNm=1437566-3&DocType=Customer+Drawing&DocLang=English,DigiKey Link,http://digikey.com/product-detail/en/te-connectivity-alcoswitch-switches/FSMSM/450-1140-ND/525812,"","","","","","","","","0.05A @ 24VDC",SWITCH TACTILE SPST-NO 0.05A 24V,"","",footprints/Buttons/PCB - BUTTONS - TE FSMSMTR.PCBLIB,"","",TE FSMSMTR,"","",Non-Illuminated,"","","","2020-09-02 01:27:07.990000",Active,TE Connectivity ALCOSWITCH Switches,FSMSM,"1",Surface Mount,"180gf",-35°C ~ 85°C,"6.00mm x 3.50mm",Bulk,Active,"0.27",FSMSM,DigiKey,"450-1140-ND","","","","","","","","","","",Off-Mom,symbols/Button/SCH - BUTTON - SPST-NO 2 PIN.SCHLIB,SPST-NO 2 PIN,Gull Wing,"",""
"4.57mm","",Top Actuated,Standard,SPST-NO,=Part Number,Datasheet,https://www.te.com/commerce/DocumentDelivery/DDEController?Action=srchrtrv&DocNm=1437566-3&DocType=Customer+Drawing&DocLang=English,DigiKey Link,http://digikey.com/product-detail/en/te-connectivity-alcoswitch-switches/FSMSMTR/450-1758-1-ND/2271637,"","","","","","","","","0.05A @ 24VDC",SWITCH TACTILE SPST-NO 0.05A 24V,"","",footprints/Buttons/PCB - BUTTONS - TE FSMSMTR.PCBLIB,"","",TE FSMSMTR,"","",Non-Illuminated,"","","","2020-09-02 01:27:08.007000",Active,TE Connectivity ALCOSWITCH Switches,FSMSMTR,"1",Surface Mount,"180gf",-35°C ~ 85°C,"6.00mm x 3.50mm",TapeAndReel,Active,"0.23",FSMSM,DigiKey,"450-1758-1-ND","","","","","","","","","","",Off-Mom,symbols/Button/SCH - BUTTON - SPST-NO 2 PIN.SCHLIB,SPST-NO 2 PIN,Gull Wing,"",""
"4.30mm","",Top Actuated,Standard,SPST-NO,=Part Number,Datasheet,https://omronfs.omron.com/en_US/ecb/products/pdf/en-b3s.pdf,DigiKey Link,http://digikey.com/product-detail/en/omron-electronics-inc-emc-div/B3S-1000P/SW836CT-ND/700012,"","","","","","","","","0.05A @ 24VDC",SWITCH TACTILE SPST-NO 0.05A 24V,"",Sealed - Fully,footprints/Switch/PCB - SWITCH - OMRON B3S-1000P.PcbLib,"","",OMRON B3S-1000P,"","",Non-Illuminated,"","","IP67 - Dust Tight, Waterproof","2020-04-09 09:57:12.903000",Active,Omron Electronics Inc-EMC Div,B3S-1000P,"1",Surface Mount,"160gf",-25°C ~ 70°C,"6.60mm x 6.00mm",TapeAndReel,Active,"0.39",B3S,DigiKey,SW836CT-ND,"","","","","","","","","","",Off-Mom,symbols/Button/SCH - BUTTON - SPST-NO 4 PIN.SCHLIB,SPST-NO 4 PIN,Gull Wing,"",""
"4.30mm","",Top Actuated,Standard,SPST-NO,=Part Number,Datasheet,https://omronfs.omron.com/en_US/ecb/products/pdf/en-b3fs.pdf,DigiKey Link,http://digikey.com/product-detail/en/omron-electronics-inc-emc-div/B3FS-1012P/SW1237CT-ND/2747253,"","","","","","","","","0.05A @ 24VDC",SWITCH TACTILE SPST-NO 0.05A 24V,"","",footprints/Switch/PCB - SWITCH - OMRON B3FS-1012P.PcbLib,"","",OMRON B3FS-1012P,"","",Non-Illuminated,"","","","2020-03-30 15:12:45.550000",Active,Omron Electronics Inc-EMC Div,B3FS-1012P,"1",Surface Mount,"150gf",-25°C ~ 70°C,"6.30mm x 6.00mm",TapeAndReel,Active,"0.35",B3FS,DigiKey,SW1237CT-ND,"","","","","","","","","","",Off-Mom,symbols/Button/SCH - BUTTON - SPST-NO 4 PIN.SCHLIB,SPST-NO 4 PIN,Gull Wing,"",""
"3.10mm","",Top Actuated,Standard,SPST-NO,=Part Number,Datasheet,https://industrial.panasonic.com/ac/cdn/e/control/switch/light-touch/catalog/sw_lt_eng_6s_th.pdf,DigiKey Link,http://digikey.com/product-detail/en/panasonic-electronic-components/EVQ-Q2Y03W/P12961SCT-ND/762951,"","","","","","","","","0.02A @ 15VDC",SWITCH TACTILE SPST-NO 0.02A 15V,"","",footprints/Switch/PCB - SWITCH - PANASONIC EVQQ2.PcbLib,"","",PANASONIC EVQQ2,"","",Non-Illuminated,"","","","2020-04-09 09:55:12.503000",Active,Panasonic Electronic Components,EVQ-Q2Y03W,"1",Surface Mount,"350gf",-40°C ~ 85°C,"6.50mm x 6.00mm",TapeAndReel,Active,"0.16",EVQQ2,DigiKey,P12961SCT-ND,"","","","","","","","","","",Off-Mom,symbols/Button/SCH - BUTTON - SPST-NO 4 PIN.SCHLIB,SPST-NO 4 PIN,J Lead,"",""
"","",Side Actuated,Rectangular Button,SPST-NO,=Part Number,Datasheet,https://dznh3ojzb2azq.cloudfront.net/products/Tactile/KSS/documents/datasheet.pdf,DigiKey Link,http://digikey.com/product-detail/en/c-k/KSS331GLFS/401-1101-1-ND/417673,"","","","","","","","","0.05A @ 50VDC",SWITCH TACTILE SPST-NO 0.05A 50V,"",Tactile Feedback,footprints/Switch/PCB - SWITCH - C&K KSS.PcbLib,"","",C&K KSS,"","",Non-Illuminated,"","",IP40,"2020-04-09 09:55:46.287000",Active,C&K,KSS331GLFS,"1","Surface Mount, Right Angle","250gf",-40°C ~ 85°C,"7.60mm x 3.70mm",TapeAndReel,Active,"0.35",KSS,DigiKey,"401-1101-1-ND","","","","","","","","","","",Off-Mom,symbols/Button/SCH - BUTTON - SPST-NO 2 PIN.SCHLIB,SPST-NO 2 PIN,Gull Wing,"",""
"","3.40mm",Side Actuated,Standard,SPST-NO,=Part Number,Datasheet,https://www.e-switch.com/system/asset/product_line/data_sheet/164/TL3340.pdf,DigiKey Link,http://digikey.com/product-detail/en/e-switch/TL3340AF160QG/EG4627CT-ND/1885974,"","","","","","","","","0.05A @ 12VDC",SWITCH TACTILE SPST-NO 0.05A 12V,"","",footprints/Switch/PCB - SWITCH - E-SWITCH TL3340.PcbLib,"","",E-SWITCH TL3340,"","",Non-Illuminated,"","","","2020-04-09 09:56:30.433000",Active,E-Switch,TL3340AF160QG,"1","Surface Mount, Right Angle","160gf",-35°C ~ 85°C,"4.00mm x 3.30mm",TapeAndReel,Active,"0.25",TL3340,DigiKey,EG4627CT-ND,"","","","","","","","","","",Off-Mom,symbols/Button/SCH - BUTTON - SPST-NO 4 PIN.SCHLIB,SPST-NO 4 PIN,Gull Wing,"",""
"0.55mm","",Top Actuated,Snap Dome,SPST-NO,=Part Number,Datasheet,//media.digikey.com/pdf/Data%20Sheets/E-Switch%20PDFs/TL3315.pdf,DigiKey Link,http://digikey.com/product-detail/en/e-switch/TL3315NF100Q/EG4620CT-ND/1870400,"","","","","","","","","0.05A @ 15VDC",SWITCH TACTILE SPST-NO 0.05A 15V,"","",footprints/Switch/PCB - SWITCH - E-SWITCH TL3315.PcbLib,"","",E-SWITCH TL3315,"","",Non-Illuminated,"","","","2020-04-09 09:57:57.870000",Active,E-Switch,TL3315NF100Q,"1",Surface Mount,"100gf",-20°C ~ 70°C,"4.50mm x 4.50mm",TapeAndReel,Active,"0.06",TL3315,DigiKey,EG4620CT-ND,"","","","","","","","","","",Off-Mom,symbols/Button/SCH - BUTTON - SPST-NO 4 PIN.SCHLIB,SPST-NO 4 PIN,Gull Wing,"",""
"4.30mm","",Top Actuated,Standard,SPST-NO,=Part Number,Datasheet,https://dznh3ojzb2azq.cloudfront.net/products/Tactile/PTS645/documents/datasheet.pdf,DigiKey Link,http://digikey.com/product-detail/en/c-k/PTS645SM43SMTR92-LFS/CKN9112CT-ND/1146934,"","","","","","","","","0.05A @ 12VDC",SWITCH TACTILE SPST-NO 0.05A 12V,"",Blue Actuator,footprints/Switch/PCB - SWITCH - C&K PTS645.PcbLib,"","",C&K PTS645,"","",Non-Illuminated,"","","","2020-04-09 09:58:59.827000",Active,C&K,PTS645SM43SMTR92 LFS,"1",Surface Mount,"160gf",-20°C ~ 60°C,"6.00mm x 6.00mm",TapeAndReel,Active,"0.09",PTS645,DigiKey,CKN9112CT-ND,"","","","","","","","","","",Off-Mom,symbols/Button/SCH - BUTTON - SPST-NO 4 PIN.SCHLIB,SPST-NO 4 PIN,Gull Wing,"",""
"2.50mm","",Top Actuated,Oval Button,SPST-NO,=Part Number,Datasheet,https://dznh3ojzb2azq.cloudfront.net/products/Tactile/PTS810/documents/datasheet.pdf,DigiKey Link,http://digikey.com/product-detail/en/c-k/PTS810-SJM-250-SMTR-LFS/CKN10502CT-ND/4176673,"","","","","","","","","0.05A @ 16VDC",SWITCH TACTILE SPST-NO 0.05A 16V,"","",footprints/Switch/PCB - SWITCH - C&K PTS810.PcbLib,"","",C&K PTS810,"","",Non-Illuminated,"","","","2020-04-09 10:00:13.177000",Active,C&K,PTS810 SJM 250 SMTR LFS,"1",Surface Mount,"160gf",-40°C ~ 85°C,"4.20mm x 3.20mm",TapeAndReel,Active,"0.16",PTS810,DigiKey,CKN10502CT-ND,"","","","","","","","","","",Off-Mom,symbols/Button/SCH - BUTTON - SPST-NO 4 PIN.SCHLIB,SPST-NO 4 PIN,J Lead,"",""
"2.50mm","",Top Actuated,Standard,SPST-NO,=Part Number,Datasheet,https://dznh3ojzb2azq.cloudfront.net/products/Tactile/KMR7/documents/datasheet.pdf,DigiKey Link,http://digikey.com/product-detail/en/c-k/KMR741NG-ULC-LFS/CKN10688CT-ND/6035360,"","","","","","","","","0.05A @ 32VDC",SWITCH TACTILE SPST-NO 50MA 32V,"","",footprints/Switch/PCB - SWITCH - C&K KMR7.PcbLib,"","",C&K KMR7,"","",Non-Illuminated,"","","IP67 - Dust Tight, Waterproof","2020-04-09 10:01:04.710000",Active,C&K,KMR741NG ULC LFS,"1",Surface Mount,"400gf",-40°C ~ 85°C,"4.20mm x 2.80mm",TapeAndReel,Active,"0.16",KMR7,DigiKey,CKN10688CT-ND,"","","","","","","","","","",Off-Mom,symbols/Button/SCH - BUTTON - SPST-NO 4 PIN.SCHLIB,SPST-NO 4 PIN,Gull Wing,"",""
"2.10mm","",Top Actuated,Rectangular Button,SPST-NO,=Part Number,Datasheet,https://industrial.panasonic.com/ac/cdn/e/control/switch/light-touch/catalog/sw_lt_eng_4735s.pdf,DigiKey Link,http://digikey.com/product-detail/en/panasonic-electronic-components/EVQ-P2202M/P12298SCT-ND/593598,"","","","","","","","","0.02A @ 15VDC",SWITCH TACTILE SPST-NO 0.02A 15V,"","",footprints/Switch/PCB - SWITCH - PANASONIC EVQP2.PcbLib,"","",PANASONIC EVQP2,"","",Non-Illuminated,"","","","2020-04-09 10:02:04.250000",Active,Panasonic Electronic Components,EVQ-P2202M,"1",Surface Mount,"160gf",-40°C ~ 85°C,"4.70mm x 3.50mm",TapeAndReel,Active,"0.37",EVQP2,DigiKey,P12298SCT-ND,"","","","","","","","","","",Off-Mom,symbols/Button/SCH - BUTTON - SPST-NO 4 PIN.SCHLIB,SPST-NO 4 PIN,J Lead,"",""
"5.00mm","",Top Actuated,Standard,SPST-NO,=Part Number,Datasheet,https://www.te.com/commerce/DocumentDelivery/DDEController?Action=srchrtrv&DocNm=1308111-1_SWITCHES_CORE_PROGRAM_CATALOG&DocType=CS&DocLang=English,DigiKey Link,http://digikey.com/product-detail/en/te-connectivity-alcoswitch-switches/1977223-9/1977223-9-ND/5597033,"","","","","","","","","0.05A @ 24VDC",SWITCH TACTILE SPST-NO 0.05A 24V,"","",footprints/Buttons/PCB - BUTTONS - TE FSM4JSMA.PCBLIB,"","",TE FSM4JSMA,"","",Non-Illuminated,"","","","2020-08-30 21:06:45.133000",Active,TE Connectivity ALCOSWITCH Switches,"1977223-9","30000",Surface Mount,"160gf","","6.00mm x 6.00mm",Bulk,"","0.16",FSMJSMA,DigiKey,"1977223-9-ND","","","","","","","","","","",Off-Mom,symbols/Button/SCH - BUTTON - SPST-NO 4 PIN.SCHLIB,SPST-NO 4 PIN,Gull Wing,"",""
"5.00mm","",Top Actuated,Standard,SPST-NO,=Part Number,Datasheet,https://www.te.com/commerce/DocumentDelivery/DDEController?Action=srchrtrv&DocNm=1308111-1_SWITCHES_CORE_PROGRAM_CATALOG&DocType=CS&DocLang=English,DigiKey Link,http://digikey.com/product-detail/en/te-connectivity-alcoswitch-switches/1-1977223-1/1-1977223-1-ND/5597032,"","","","","","","","","0.05A @ 24VDC",SWITCH TACTILE SPST-NO 0.05A 24V,"","",footprints/Buttons/PCB - BUTTONS - TE FSM4JSMA.PCBLIB,"","",TE FSM4JSMA,"","",Non-Illuminated,"","","","2020-09-02 01:27:07.347000",Active,TE Connectivity ALCOSWITCH Switches,"1-1977223-1","",Surface Mount,"260gf","","6.00mm x 6.00mm","","","0",FSMJSMA,DigiKey,"1-1977223-1-ND","","","","","","","","","","",Off-Mom,symbols/Button/SCH - BUTTON - SPST-NO 4 PIN.SCHLIB,SPST-NO 4 PIN,Gull Wing,"",""
"7.00mm","",Top Actuated,Standard,SPST-NO,=Part Number,Datasheet,https://www.te.com/commerce/DocumentDelivery/DDEController?Action=srchrtrv&DocNm=1308111-1_SWITCHES_CORE_PROGRAM_CATALOG&DocType=CS&DocLang=English,DigiKey Link,http://digikey.com/product-detail/en/te-connectivity-alcoswitch-switches/1-1977223-9/1-1977223-9-ND/5401299,"","","","","","","","","0.05A @ 24VDC",SWITCH TACTILE SPST-NO 0.05A 24V,"","",footprints/Buttons/PCB - BUTTONS - TE FSM6JSMA.PCBLIB,"","",TE FSM6JSMA,"","",Non-Illuminated,"","","","2020-09-02 01:27:07.697000",Active,TE Connectivity ALCOSWITCH Switches,"1-1977223-9","1500",Surface Mount,"260gf","","6.00mm x 6.00mm",Bulk,"","0.36",FSMJSMA,DigiKey,"1-1977223-9-ND","","","","","","","","","","",Off-Mom,symbols/Button/SCH - BUTTON - SPST-NO 4 PIN.SCHLIB,SPST-NO 4 PIN,Gull Wing,"",""
"","11.85mm",Side Actuated,Standard,SPST-NO,=Part Number,Datasheet,https://www.te.com/commerce/DocumentDelivery/DDEController?Action=srchrtrv&DocNm=1308111-1_SWITCHES_CORE_PROGRAM_CATALOG&DocType=CS&DocLang=English,DigiKey Link,http://digikey.com/product-detail/en/te-connectivity-alcoswitch-switches/2-1825027-0/450-1661-ND/1632547,"","","","","","","","","0.05A @ 24VDC",SWITCH TACTILE SPST-NO 0.05A 24V,"","",footprints/Switch/PCB - SWITCH - TE 2-1825027-0.PcbLib,"","",TE 2-1825027-0,"","",Non-Illuminated,"","","","2020-09-06 11:08:26.943000",Active,TE Connectivity ALCOSWITCH Switches,"2-1825027-0","1","Through Hole, Right Angle","160gf",-35°C ~ 85°C,"7.11mm x 6.60mm",Bulk,Active,"0.22",FSMRAJ,DigiKey,"450-1661-ND","","","","","","","","","","",Off-Mom,symbols/Button/SCH - BUTTON - SPST-NO 2 PIN.SCHLIB,SPST-NO 2 PIN,PC Pin,"",""
