Part Type,Part Number,Schematic Part,Part Value,Type,Absolute Pull Range (APR),Base Resonator,Current - Supply (Max),Frequency,Frequency Stability,Function,Output,Voltage,Allegro PCB Footprint,Package / Case,Pspice Model,Power,Availability,Data Sheet,Description,Mounting Type,Height - Seated (Max),Size,Number of Pins,Operating Temperature,Distributor Part Number,Manufacturer,Manufacturer Part Number,Price,ActivepartsID
Oscillator,ASD3-25.000MHZ-EC-T,oscillators\XO_Crystal_4P_1T3C,25MHz,XO (Standard),,Crystal,4mA,25MHz,±50ppm,Enable/Disable,HCMOS,1.8V,"Crystal_XTAL250X200X50-4N,Crystal_SC250X200X50-4N","4-SMD, No Lead",,,,https://abracon.com/Oscillators/ASDseries.pdf,XTAL OSC XO 25.0000MHZ HCMOS SMD,Surface Mount,0.039 (1.00mm),0.098 L x 0.079 W (2.50mm x 2.00mm),,-20°C ~ 70°C,,Abracon LLC,,,
Oscillator,ASD1-8.000MHZ-EC-T,oscillators\XO_Crystal_4P_1T3C,8MHz,XO (Standard),,Crystal,5.5mA,8MHz,±50ppm,Enable/Disable,HCMOS,3V,"Crystal_XTAL250X200X50-4N,Crystal_SC250X200X50-4N","4-SMD, No Lead",,,,https://abracon.com/Oscillators/ASDseries.pdf,XTAL OSC XO 8.0000MHZ HCMOS SMD,Surface Mount,0.039 (1.00mm),0.098 L x 0.079 W (2.50mm x 2.00mm),,-20°C ~ 70°C,,Abracon LLC,,,
Oscillator,ASD1-4.000MHZ-EC-T,oscillators\XO_Crystal_4P_1T3C,4MHz,XO (Standard),,Crystal,5.5mA,4MHz,±50ppm,Enable/Disable,HCMOS,3V,"Crystal_XTAL250X200X50-4N,Crystal_SC250X200X50-4N","4-SMD, No Lead",,,,https://abracon.com/Oscillators/ASDseries.pdf,XTAL OSC XO 4.0000MHZ HCMOS SMD,Surface Mount,0.039 (1.00mm),0.098 L x 0.079 W (2.50mm x 2.00mm),,-20°C ~ 70°C,,Abracon LLC,,,
Oscillator,ASD3-27.000MHZ-EC-T,oscillators\XO_Crystal_4P_1T3C,27MHz,XO (Standard),,Crystal,4mA,27MHz,±50ppm,Enable/Disable,HCMOS,1.8V,"Crystal_XTAL250X200X50-4N,Crystal_SC250X200X50-4N","4-SMD, No Lead",,,,https://abracon.com/Oscillators/ASDseries.pdf,XTAL OSC XO 27.0000MHZ HCMOS SMD,Surface Mount,0.039 (1.00mm),0.098 L x 0.079 W (2.50mm x 2.00mm),,-20°C ~ 70°C,,Abracon LLC,,,
Oscillator,ASD1-12.000MHZ-EC-T,oscillators\XO_Crystal_4P_1T3C,12MHz,XO (Standard),,Crystal,5.5mA,12MHz,±50ppm,Enable/Disable,HCMOS,3V,"Crystal_XTAL250X200X50-4N,Crystal_SC250X200X50-4N","4-SMD, No Lead",,,,https://abracon.com/Oscillators/ASDseries.pdf,XTAL OSC XO 12.0000MHZ HCMOS SMD,Surface Mount,0.039 (1.00mm),0.098 L x 0.079 W (2.50mm x 2.00mm),,-20°C ~ 70°C,,Abracon LLC,,,
Oscillator,ASD3-24.576MHZ-EC-T,oscillators\XO_Crystal_4P_1T3C,24.576MHz,XO (Standard),,Crystal,4mA,24.576MHz,±50ppm,Enable/Disable,HCMOS,1.8V,"Crystal_XTAL250X200X50-4N,Crystal_SC250X200X50-4N","4-SMD, No Lead",,,,https://abracon.com/Oscillators/ASDseries.pdf,XTAL OSC XO 24.5760MHZ HCMOS SMD,Surface Mount,0.039 (1.00mm),0.098 L x 0.079 W (2.50mm x 2.00mm),,-20°C ~ 70°C,,Abracon LLC,,,
Oscillator,ASD-66.666MHZ-LCS-T,oscillators\XO_Crystal_4P_1T3C,66.666MHz,XO (Standard),,Crystal,,66.666MHz,±50ppm,Enable/Disable,HCMOS,3.3V,"Crystal_XTAL250X200X50-4N,Crystal_SC250X200X50-4N","4-SMD, No Lead",,,,https://abracon.com/Oscillators/ASDseries.pdf,XTAL OSC XO 66.6660MHZ HCMOS SMD,Surface Mount,0.039 (1.00mm),0.098 L x 0.079 W (2.50mm x 2.00mm),,-40°C ~ 85°C,,Abracon LLC,,,
Oscillator,ASDM4-27.000MHZ-LR-T,oscillators\MEMS_Crystal_4P_1S3C,27MHz,XO (Standard),,MEMS,10mA,27MHz,±25ppm,Standby (Power Down),LVCMOS,1.8V,"Crystal_XTAL250X200X50-4N,Crystal_SC250X200X50-4N","4-SMD, No Lead",,,,https://abracon.com/Oscillators/ASDM.pdf,MEMS OSC XO 27.0000MHZ LVCMOS,Surface Mount,0.035 (0.90mm),0.098 L x 0.079 W (2.50mm x 2.00mm),,-40°C ~ 85°C,,Abracon LLC,,,
Oscillator,ASDM1-27.000MHZ-LC-T,oscillators\MEMS_Crystal_4P_1S3C,27MHz,XO (Standard),,MEMS,10mA,27MHz,±50ppm,Standby (Power Down),LVCMOS,3.3V,"Crystal_XTAL250X200X50-4N,Crystal_SC250X200X50-4N","4-SMD, No Lead",,,,https://abracon.com/Oscillators/ASDM.pdf,MEMS OSC XO 27.0000MHZ LVCMOS,Surface Mount,0.035 (0.90mm),0.098 L x 0.079 W (2.50mm x 2.00mm),,-40°C ~ 85°C,,Abracon LLC,,,
Oscillator,ASDM1-20.000MHZ-LC-T,oscillators\MEMS_Crystal_4P_1S3C,20MHz,XO (Standard),,MEMS,10mA,20MHz,±50ppm,Standby (Power Down),LVCMOS,3.3V,"Crystal_XTAL250X200X50-4N,Crystal_SC250X200X50-4N","4-SMD, No Lead",,,,https://abracon.com/Oscillators/ASDM.pdf,MEMS OSC XO 20.0000MHZ LVCMOS,Surface Mount,0.035 (0.90mm),0.098 L x 0.079 W (2.50mm x 2.00mm),,-40°C ~ 85°C,,Abracon LLC,,,
Oscillator,ASDM1-24.000MHZ-LC-T,oscillators\MEMS_Crystal_4P_1S3C,24MHz,XO (Standard),,MEMS,10mA,24MHz,±50ppm,Standby (Power Down),LVCMOS,3.3V,"Crystal_XTAL250X200X50-4N,Crystal_SC250X200X50-4N","4-SMD, No Lead",,,,https://abracon.com/Oscillators/ASDM.pdf,MEMS OSC XO 24.0000MHZ LVCMOS,Surface Mount,0.035 (0.90mm),0.098 L x 0.079 W (2.50mm x 2.00mm),,-40°C ~ 85°C,,Abracon LLC,,,
Oscillator,ASDM1-32.000MHZ-LC-T,oscillators\MEMS_Crystal_4P_1S3C,32MHz,XO (Standard),,MEMS,10mA,32MHz,±50ppm,Standby (Power Down),LVCMOS,3.3V,"Crystal_XTAL250X200X50-4N,Crystal_SC250X200X50-4N","4-SMD, No Lead",,,,https://abracon.com/Oscillators/ASDM.pdf,MEMS OSC XO 32.0000MHZ LVCMOS,Surface Mount,0.035 (0.90mm),0.098 L x 0.079 W (2.50mm x 2.00mm),,-40°C ~ 85°C,,Abracon LLC,,,
Oscillator,ASDM1-64.000MHZ-LC-T,oscillators\MEMS_Crystal_4P_1S3C,64MHz,XO (Standard),,MEMS,10mA,64MHz,±50ppm,Standby (Power Down),LVCMOS,3.3V,"Crystal_XTAL250X200X50-4N,Crystal_SC250X200X50-4N","4-SMD, No Lead",,,,https://abracon.com/Oscillators/ASDM.pdf,MEMS OSC XO 64.0000MHZ LVCMOS,Surface Mount,0.035 (0.90mm),0.098 L x 0.079 W (2.50mm x 2.00mm),,-40°C ~ 85°C,,Abracon LLC,,,
Oscillator,ASDM1-10.000MHZ-LC-T,oscillators\MEMS_Crystal_4P_1S3C,10MHz,XO (Standard),,MEMS,10mA,10MHz,±50ppm,Standby (Power Down),LVCMOS,3.3V,"Crystal_XTAL250X200X50-4N,Crystal_SC250X200X50-4N","4-SMD, No Lead",,,,https://abracon.com/Oscillators/ASDM.pdf,MEMS OSC XO 10.0000MHZ LVCMOS,Surface Mount,0.035 (0.90mm),0.098 L x 0.079 W (2.50mm x 2.00mm),,-40°C ~ 85°C,,Abracon LLC,,,
Oscillator,ASDM1-7.3728MHZ-LC-T,oscillators\MEMS_Crystal_4P_1S3C,7.3728MHz,XO (Standard),,MEMS,10mA,7.3728MHz,±50ppm,Standby (Power Down),LVCMOS,3.3V,"Crystal_XTAL250X200X50-4N,Crystal_SC250X200X50-4N","4-SMD, No Lead",,,,https://abracon.com/Oscillators/ASDM.pdf,MEMS OSC XO 7.3728MHZ LVCMOS SMD,Surface Mount,0.035 (0.90mm),0.098 L x 0.079 W (2.50mm x 2.00mm),,-40°C ~ 85°C,,Abracon LLC,,,
Oscillator,ASDM1-33.000MHZ-LC-T,oscillators\MEMS_Crystal_4P_1S3C,33MHz,XO (Standard),,MEMS,10mA,33MHz,±50ppm,Standby (Power Down),LVCMOS,3.3V,"Crystal_XTAL250X200X50-4N,Crystal_SC250X200X50-4N","4-SMD, No Lead",,,,https://abracon.com/Oscillators/ASDM.pdf,MEMS OSC XO 33.0000MHZ LVCMOS,Surface Mount,0.035 (0.90mm),0.098 L x 0.079 W (2.50mm x 2.00mm),,-40°C ~ 85°C,,Abracon LLC,,,
Oscillator,ASDM1-11.0592MHZ-LC-T,oscillators\MEMS_Crystal_4P_1S3C,11.0592MHz,XO (Standard),,MEMS,10mA,11.0592MHz,±50ppm,Standby (Power Down),LVCMOS,3.3V,"Crystal_XTAL250X200X50-4N,Crystal_SC250X200X50-4N","4-SMD, No Lead",,,,https://abracon.com/Oscillators/ASDM.pdf,MEMS OSC XO 11.0592MHZ LVCMOS,Surface Mount,0.035 (0.90mm),0.098 L x 0.079 W (2.50mm x 2.00mm),,-40°C ~ 85°C,,Abracon LLC,,,
Oscillator,ASDM1-4.000MHZ-LC-T,oscillators\MEMS_Crystal_4P_1S3C,4MHz,XO (Standard),,MEMS,10mA,4MHz,±50ppm,Standby (Power Down),LVCMOS,3.3V,"Crystal_XTAL250X200X50-4N,Crystal_SC250X200X50-4N","4-SMD, No Lead",,,,https://abracon.com/Oscillators/ASDM.pdf,MEMS OSC XO 4.0000MHZ LVCMOS SMD,Surface Mount,0.035 (0.90mm),0.098 L x 0.079 W (2.50mm x 2.00mm),,-40°C ~ 85°C,,Abracon LLC,,,
Oscillator,ASDM1-12.000MHZ-LC-T,oscillators\MEMS_Crystal_4P_1S3C,12MHz,XO (Standard),,MEMS,10mA,12MHz,±50ppm,Standby (Power Down),LVCMOS,3.3V,"Crystal_XTAL250X200X50-4N,Crystal_SC250X200X50-4N","4-SMD, No Lead",,,,https://abracon.com/Oscillators/ASDM.pdf,MEMS OSC XO 12.0000MHZ LVCMOS,Surface Mount,0.035 (0.90mm),0.098 L x 0.079 W (2.50mm x 2.00mm),,-40°C ~ 85°C,,Abracon LLC,,,
Oscillator,ASDM1-1.8432MHZ-LC-T,oscillators\MEMS_Crystal_4P_1S3C,1.8432MHz,XO (Standard),,MEMS,10mA,1.8432MHz,±50ppm,Standby (Power Down),LVCMOS,3.3V,"Crystal_XTAL250X200X50-4N,Crystal_SC250X200X50-4N","4-SMD, No Lead",,,,https://abracon.com/Oscillators/ASDM.pdf,MEMS OSC XO 1.8432MHZ LVCMOS SMD,Surface Mount,0.035 (0.90mm),0.098 L x 0.079 W (2.50mm x 2.00mm),,-40°C ~ 85°C,,Abracon LLC,,,
Oscillator,ASDM1-16.000MHZ-LC-T,oscillators\MEMS_Crystal_4P_1S3C,16MHz,XO (Standard),,MEMS,10mA,16MHz,±50ppm,Standby (Power Down),LVCMOS,3.3V,"Crystal_XTAL250X200X50-4N,Crystal_SC250X200X50-4N","4-SMD, No Lead",,,,https://abracon.com/Oscillators/ASDM.pdf,MEMS OSC XO 16.0000MHZ LVCMOS,Surface Mount,0.035 (0.90mm),0.098 L x 0.079 W (2.50mm x 2.00mm),,-40°C ~ 85°C,,Abracon LLC,,,
Oscillator,ASDM1-80.000MHZ-LC-T,oscillators\MEMS_Crystal_4P_1S3C,80MHz,XO (Standard),,MEMS,10mA,80MHz,±50ppm,Standby (Power Down),LVCMOS,3.3V,"Crystal_XTAL250X200X50-4N,Crystal_SC250X200X50-4N","4-SMD, No Lead",,,,https://abracon.com/Oscillators/ASDM.pdf,MEMS OSC XO 80.0000MHZ LVCMOS,Surface Mount,0.035 (0.90mm),0.098 L x 0.079 W (2.50mm x 2.00mm),,-40°C ~ 85°C,,Abracon LLC,,,
Oscillator,ASDM1-100.000MHZ-LC-T,oscillators\MEMS_Crystal_4P_1S3C,100MHz,XO (Standard),,MEMS,10mA,100MHz,±50ppm,Standby (Power Down),LVCMOS,3.3V,"Crystal_XTAL250X200X50-4N,Crystal_SC250X200X50-4N","4-SMD, No Lead",,,,https://abracon.com/Oscillators/ASDM.pdf,MEMS OSC XO 100.0000MHZ LVCMOS,Surface Mount,0.035 (0.90mm),0.098 L x 0.079 W (2.50mm x 2.00mm),,-40°C ~ 85°C,,Abracon LLC,,,
Oscillator,ASDM1-18.432MHZ-LC-T,oscillators\MEMS_Crystal_4P_1S3C,18.432MHz,XO (Standard),,MEMS,10mA,18.432MHz,±50ppm,Standby (Power Down),LVCMOS,3.3V,"Crystal_XTAL250X200X50-4N,Crystal_SC250X200X50-4N","4-SMD, No Lead",,,,https://abracon.com/Oscillators/ASDM.pdf,MEMS OSC XO 18.4320MHZ LVCMOS,Surface Mount,0.035 (0.90mm),0.098 L x 0.079 W (2.50mm x 2.00mm),,-40°C ~ 85°C,,Abracon LLC,,,
Oscillator,ASDM1-25.000MHZ-LC-T,oscillators\MEMS_Crystal_4P_1S3C,25MHz,XO (Standard),,MEMS,10mA,25MHz,±50ppm,Standby (Power Down),LVCMOS,3.3V,"Crystal_XTAL250X200X50-4N,Crystal_SC250X200X50-4N","4-SMD, No Lead",,,,https://abracon.com/Oscillators/ASDM.pdf,MEMS OSC XO 25.0000MHZ LVCMOS,Surface Mount,0.035 (0.90mm),0.098 L x 0.079 W (2.50mm x 2.00mm),,-40°C ~ 85°C,,Abracon LLC,,,
Oscillator,ASDM1-50.000MHZ-LC-T,oscillators\MEMS_Crystal_4P_1S3C,50MHz,XO (Standard),,MEMS,10mA,50MHz,±50ppm,Standby (Power Down),LVCMOS,3.3V,"Crystal_XTAL250X200X50-4N,Crystal_SC250X200X50-4N","4-SMD, No Lead",,,,https://abracon.com/Oscillators/ASDM.pdf,MEMS OSC XO 50.0000MHZ LVCMOS,Surface Mount,0.035 (0.90mm),0.098 L x 0.079 W (2.50mm x 2.00mm),,-40°C ~ 85°C,,Abracon LLC,,,
Oscillator,ASDM1-8.000MHZ-LC-T,oscillators\MEMS_Crystal_4P_1S3C,8MHz,XO (Standard),,MEMS,10mA,8MHz,±50ppm,Standby (Power Down),LVCMOS,3.3V,"Crystal_XTAL250X200X50-4N,Crystal_SC250X200X50-4N","4-SMD, No Lead",,,,https://abracon.com/Oscillators/ASDM.pdf,MEMS OSC XO 8.0000MHZ LVCMOS SMD,Surface Mount,0.035 (0.90mm),0.098 L x 0.079 W (2.50mm x 2.00mm),,-40°C ~ 85°C,,Abracon LLC,,,
Oscillator,ASDM1-48.000MHZ-LC-T,oscillators\MEMS_Crystal_4P_1S3C,48MHz,XO (Standard),,MEMS,10mA,48MHz,±50ppm,Standby (Power Down),LVCMOS,3.3V,"Crystal_XTAL250X200X50-4N,Crystal_SC250X200X50-4N","4-SMD, No Lead",,,,https://abracon.com/Oscillators/ASDM.pdf,MEMS OSC XO 48.0000MHZ LVCMOS,Surface Mount,0.035 (0.90mm),0.098 L x 0.079 W (2.50mm x 2.00mm),,-40°C ~ 85°C,,Abracon LLC,,,
Oscillator,ASDMB-25.000MHZ-T,oscillators\MEMS_Crystal_4P_1S3C,25MHz,XO (Standard),,MEMS,16mA,25MHz,±50ppm,Standby (Power Down),LVCMOS,1.8V ~ 3.3V,"Crystal_XTAL250X200X50-4N,Crystal_SC250X200X50-4N","4-SMD, No Lead",,,,https://abracon.com/Oscillators/ASDMB.pdf,MEMS OSC XO 25.0000MHZ LVCMOS,Surface Mount,0.035 (0.90mm),0.098 L x 0.079 W (2.50mm x 2.00mm),,,,Abracon LLC,,,
Oscillator,ASDMB-29.500MHZ-LR-T,oscillators\MEMS_Crystal_4P_1S3C,29.5MHz,XO (Standard),,MEMS,16mA,29.5MHz,±25ppm,Standby (Power Down),LVCMOS,1.8V ~ 3.3V,"Crystal_XTAL250X200X50-4N,Crystal_SC250X200X50-4N","4-SMD, No Lead",,,,https://abracon.com/Oscillators/ASDMB.pdf,MEMS OSC XO 29.5000MHZ LVCMOS,Surface Mount,0.035 (0.90mm),0.098 L x 0.079 W (2.50mm x 2.00mm),,-40°C ~ 85°C,,Abracon LLC,,,
Oscillator,ASDMB-50.000MHZ-C-T,oscillators\MEMS_Crystal_4P_1S3C,50MHz,XO (Standard),,MEMS,16mA,50MHz,±50ppm,Standby (Power Down),LVCMOS,1.8V ~ 3.3V,"Crystal_XTAL250X200X50-4N,Crystal_SC250X200X50-4N","4-SMD, No Lead",,,,https://abracon.com/Oscillators/ASDMB.pdf,MEMS OSC XO 50.0000MHZ LVCMOS,Surface Mount,0.035 (0.90mm),0.098 L x 0.079 W (2.50mm x 2.00mm),,,,Abracon LLC,,,
Oscillator,ASDMB-20.000MHZ-LY-T,oscillators\MEMS_Crystal_4P_1S3C,20MHz,XO (Standard),,MEMS,16mA,20MHz,±10ppm,Standby (Power Down),LVCMOS,1.8V ~ 3.3V,"Crystal_XTAL250X200X50-4N,Crystal_SC250X200X50-4N","4-SMD, No Lead",,,,https://abracon.com/Oscillators/ASDMB.pdf,MEMS OSC XO 20.0000MHZ LVCMOS,Surface Mount,0.035 (0.90mm),0.098 L x 0.079 W (2.50mm x 2.00mm),,-40°C ~ 85°C,,Abracon LLC,,,
Oscillator,ASDMB-10.000MHZ-LY-T,oscillators\MEMS_Crystal_4P_1S3C,10MHz,XO (Standard),,MEMS,16mA,10MHz,±10ppm,Standby (Power Down),LVCMOS,1.8V ~ 3.3V,"Crystal_XTAL250X200X50-4N,Crystal_SC250X200X50-4N","4-SMD, No Lead",,,,https://abracon.com/Oscillators/ASDMB.pdf,MEMS OSC XO 10.0000MHZ LVCMOS,Surface Mount,0.035 (0.90mm),0.098 L x 0.079 W (2.50mm x 2.00mm),,-40°C ~ 85°C,,Abracon LLC,,,
Oscillator,ASDMB-48.000MHZ-LY-T,oscillators\MEMS_Crystal_4P_1S3C,48MHz,XO (Standard),,MEMS,16mA,48MHz,±10ppm,Standby (Power Down),LVCMOS,1.8V ~ 3.3V,"Crystal_XTAL250X200X50-4N,Crystal_SC250X200X50-4N","4-SMD, No Lead",,,,https://abracon.com/Oscillators/ASDMB.pdf,MEMS OSC XO 48.0000MHZ LVCMOS,Surface Mount,0.035 (0.90mm),0.098 L x 0.079 W (2.50mm x 2.00mm),,-40°C ~ 85°C,,Abracon LLC,,,
Oscillator,ASDMB-16.000MHZ-LY-T,oscillators\MEMS_Crystal_4P_1S3C,16MHz,XO (Standard),,MEMS,16mA,16MHz,±10ppm,Standby (Power Down),LVCMOS,1.8V ~ 3.3V,"Crystal_XTAL250X200X50-4N,Crystal_SC250X200X50-4N","4-SMD, No Lead",,,,https://abracon.com/Oscillators/ASDMB.pdf,MEMS OSC XO 16.0000MHZ LVCMOS,Surface Mount,0.035 (0.90mm),0.098 L x 0.079 W (2.50mm x 2.00mm),,-40°C ~ 85°C,,Abracon LLC,,,
Oscillator,ASDMB-12.000MHZ-XY-T,oscillators\MEMS_Crystal_4P_1S3C,12MHz,XO (Standard),,MEMS,16mA,12MHz,±10ppm,Standby (Power Down),LVCMOS,1.8V ~ 3.3V,"Crystal_XTAL250X200X50-4N,Crystal_SC250X200X50-4N","4-SMD, No Lead",,,,https://abracon.com/Oscillators/ASDMB.pdf,MEMS OSC XO 12.0000MHZ LVCMOS,Surface Mount,0.035 (0.90mm),0.098 L x 0.079 W (2.50mm x 2.00mm),,-40°C ~ 105°C,,Abracon LLC,,,
Oscillator,ASDMB-8.000MHZ-XY-T,oscillators\MEMS_Crystal_4P_1S3C,8MHz,XO (Standard),,MEMS,16mA,8MHz,±10ppm,Standby (Power Down),LVCMOS,1.8V ~ 3.3V,"Crystal_XTAL250X200X50-4N,Crystal_SC250X200X50-4N","4-SMD, No Lead",,,,https://abracon.com/Oscillators/ASDMB.pdf,MEMS OSC XO 8.0000MHZ LVCMOS SMD,Surface Mount,0.035 (0.90mm),0.098 L x 0.079 W (2.50mm x 2.00mm),,-40°C ~ 105°C,,Abracon LLC,,,
Oscillator,ASDMB-4.000MHZ-XY-T,oscillators\MEMS_Crystal_4P_1S3C,4MHz,XO (Standard),,MEMS,16mA,4MHz,±10ppm,Standby (Power Down),LVCMOS,1.8V ~ 3.3V,"Crystal_XTAL250X200X50-4N,Crystal_SC250X200X50-4N","4-SMD, No Lead",,,,https://abracon.com/Oscillators/ASDMB.pdf,MEMS OSC XO 4.0000MHZ LVCMOS SMD,Surface Mount,0.035 (0.90mm),0.098 L x 0.079 W (2.50mm x 2.00mm),,-40°C ~ 105°C,,Abracon LLC,,,
Oscillator,ASDMB-16.000MHZ-XY-T,oscillators\MEMS_Crystal_4P_1S3C,16MHz,XO (Standard),,MEMS,16mA,16MHz,±10ppm,Standby (Power Down),LVCMOS,1.8V ~ 3.3V,"Crystal_XTAL250X200X50-4N,Crystal_SC250X200X50-4N","4-SMD, No Lead",,,,https://abracon.com/Oscillators/ASDMB.pdf,MEMS OSC XO 16.0000MHZ LVCMOS,Surface Mount,0.035 (0.90mm),0.098 L x 0.079 W (2.50mm x 2.00mm),,-40°C ~ 105°C,,Abracon LLC,,,
Oscillator,ASDMB-125.000MHZ-LY-T,oscillators\MEMS_Crystal_4P_1S3C,125MHz,XO (Standard),,MEMS,16mA,125MHz,±10ppm,Standby (Power Down),LVCMOS,1.8V ~ 3.3V,"Crystal_XTAL250X200X50-4N,Crystal_SC250X200X50-4N","4-SMD, No Lead",,,,https://abracon.com/Oscillators/ASDMB.pdf,MEMS OSC XO 125.0000MHZ LVCMOS,Surface Mount,0.035 (0.90mm),0.098 L x 0.079 W (2.50mm x 2.00mm),,-40°C ~ 85°C,,Abracon LLC,,,
Oscillator,ASDMB-75.000MHZ-LY-T,oscillators\MEMS_Crystal_4P_1S3C,75MHz,XO (Standard),,MEMS,16mA,75MHz,±10ppm,Standby (Power Down),LVCMOS,1.8V ~ 3.3V,"Crystal_XTAL250X200X50-4N,Crystal_SC250X200X50-4N","4-SMD, No Lead",,,,https://abracon.com/Oscillators/ASDMB.pdf,MEMS OSC XO 75.0000MHZ LVCMOS,Surface Mount,0.035 (0.90mm),0.098 L x 0.079 W (2.50mm x 2.00mm),,-40°C ~ 85°C,,Abracon LLC,,,
Oscillator,ASDMB-80.000MHZ-XY-T,oscillators\MEMS_Crystal_4P_1S3C,80MHz,XO (Standard),,MEMS,16mA,80MHz,±10ppm,Standby (Power Down),LVCMOS,1.8V ~ 3.3V,"Crystal_XTAL250X200X50-4N,Crystal_SC250X200X50-4N","4-SMD, No Lead",,,,https://abracon.com/Oscillators/ASDMB.pdf,MEMS OSC XO 80.0000MHZ LVCMOS,Surface Mount,0.035 (0.90mm),0.098 L x 0.079 W (2.50mm x 2.00mm),,-40°C ~ 105°C,,Abracon LLC,,,
Oscillator,ASDMB-133.333MHZ-XY-T,oscillators\MEMS_Crystal_4P_1S3C,133.333MHz,XO (Standard),,MEMS,16mA,133.333MHz,±10ppm,Standby (Power Down),LVCMOS,1.8V ~ 3.3V,"Crystal_XTAL250X200X50-4N,Crystal_SC250X200X50-4N","4-SMD, No Lead",,,,https://abracon.com/Oscillators/ASDMB.pdf,MEMS OSC XO 133.3330MHZ LVCMOS,Surface Mount,0.035 (0.90mm),0.098 L x 0.079 W (2.50mm x 2.00mm),,-40°C ~ 105°C,,Abracon LLC,,,
Oscillator,ASDMB-150.000MHZ-XY-T,oscillators\MEMS_Crystal_4P_1S3C,150MHz,XO (Standard),,MEMS,16mA,150MHz,±10ppm,Standby (Power Down),LVCMOS,1.8V ~ 3.3V,"Crystal_XTAL250X200X50-4N,Crystal_SC250X200X50-4N","4-SMD, No Lead",,,,https://abracon.com/Oscillators/ASDMB.pdf,MEMS OSC XO 150.0000MHZ LVCMOS,Surface Mount,0.035 (0.90mm),0.098 L x 0.079 W (2.50mm x 2.00mm),,-40°C ~ 105°C,,Abracon LLC,,,
Oscillator,ASDMB-75.000MHZ-XY-T,oscillators\MEMS_Crystal_4P_1S3C,75MHz,XO (Standard),,MEMS,16mA,75MHz,±10ppm,Standby (Power Down),LVCMOS,1.8V ~ 3.3V,"Crystal_XTAL250X200X50-4N,Crystal_SC250X200X50-4N","4-SMD, No Lead",,,,https://abracon.com/Oscillators/ASDMB.pdf,MEMS OSC XO 75.0000MHZ LVCMOS,Surface Mount,0.035 (0.90mm),0.098 L x 0.079 W (2.50mm x 2.00mm),,-40°C ~ 105°C,,Abracon LLC,,,
Oscillator,ASDMB-54.000MHZ-EC-T,oscillators\MEMS_Crystal_4P_1S3C,54MHz,XO (Standard),,MEMS,16mA,54MHz,±50ppm,Standby (Power Down),LVCMOS,1.8V ~ 3.3V,"Crystal_XTAL250X200X50-4N,Crystal_SC250X200X50-4N","4-SMD, No Lead",,,,https://abracon.com/Oscillators/ASDMB.pdf,MEMS OSC XO 54.0000MHZ LVCMOS,Surface Mount,0.035 (0.90mm),0.098 L x 0.079 W (2.50mm x 2.00mm),,-20°C ~ 70°C,,Abracon LLC,,,
Oscillator,ASDMB-30.000MHZ-LY-T,oscillators\MEMS_Crystal_4P_1S3C,30MHz,XO (Standard),,MEMS,16mA,30MHz,±10ppm,Standby (Power Down),LVCMOS,1.8V ~ 3.3V,"Crystal_XTAL250X200X50-4N,Crystal_SC250X200X50-4N","4-SMD, No Lead",,,,https://abracon.com/Oscillators/ASDMB.pdf,MEMS OSC XO 30.0000MHZ LVCMOS,Surface Mount,0.035 (0.90mm),0.098 L x 0.079 W (2.50mm x 2.00mm),,-40°C ~ 85°C,,Abracon LLC,,,
Oscillator,ASDMB-60.000MHZ-LY-T,oscillators\MEMS_Crystal_4P_1S3C,60MHz,XO (Standard),,MEMS,16mA,60MHz,±10ppm,Standby (Power Down),LVCMOS,1.8V ~ 3.3V,"Crystal_XTAL250X200X50-4N,Crystal_SC250X200X50-4N","4-SMD, No Lead",,,,https://abracon.com/Oscillators/ASDMB.pdf,MEMS OSC XO 60.0000MHZ LVCMOS,Surface Mount,0.035 (0.90mm),0.098 L x 0.079 W (2.50mm x 2.00mm),,-40°C ~ 85°C,,Abracon LLC,,,
Oscillator,ASDMB-19.200MHZ-XY-T,oscillators\MEMS_Crystal_4P_1S3C,19.2MHz,XO (Standard),,MEMS,16mA,19.2MHz,±10ppm,Standby (Power Down),LVCMOS,1.8V ~ 3.3V,"Crystal_XTAL250X200X50-4N,Crystal_SC250X200X50-4N","4-SMD, No Lead",,,,https://abracon.com/Oscillators/ASDMB.pdf,MEMS OSC XO 19.2000MHZ LVCMOS,Surface Mount,0.035 (0.90mm),0.098 L x 0.079 W (2.50mm x 2.00mm),,-40°C ~ 105°C,,Abracon LLC,,,
Oscillator,ASDMB-5.000MHZ-LC-T,oscillators\MEMS_Crystal_4P_1S3C,5MHz,XO (Standard),,MEMS,16mA,5MHz,±50ppm,Standby (Power Down),LVCMOS,1.8V ~ 3.3V,"Crystal_XTAL250X200X50-4N,Crystal_SC250X200X50-4N","4-SMD, No Lead",,,,https://abracon.com/Oscillators/ASDMB.pdf,MEMS OSC XO 5.0000MHZ LVCMOS SMD,Surface Mount,0.035 (0.90mm),0.098 L x 0.079 W (2.50mm x 2.00mm),,-40°C ~ 85°C,,Abracon LLC,,,
Oscillator,ASDMB-10.000MHZ-LC-T,oscillators\MEMS_Crystal_4P_1S3C,10MHz,XO (Standard),,MEMS,16mA,10MHz,±50ppm,Standby (Power Down),LVCMOS,1.8V ~ 3.3V,"Crystal_XTAL250X200X50-4N,Crystal_SC250X200X50-4N","4-SMD, No Lead",,,,https://abracon.com/Oscillators/ASDMB.pdf,MEMS OSC XO 10.0000MHZ LVCMOS,Surface Mount,0.035 (0.90mm),0.098 L x 0.079 W (2.50mm x 2.00mm),,-40°C ~ 85°C,,Abracon LLC,,,
Oscillator,ASDMB-24.576MHZ-LC-T,oscillators\MEMS_Crystal_4P_1S3C,24.576MHz,XO (Standard),,MEMS,16mA,24.576MHz,±50ppm,Standby (Power Down),LVCMOS,1.8V ~ 3.3V,"Crystal_XTAL250X200X50-4N,Crystal_SC250X200X50-4N","4-SMD, No Lead",,,,https://abracon.com/Oscillators/ASDMB.pdf,MEMS OSC XO 24.5760MHZ LVCMOS,Surface Mount,0.035 (0.90mm),0.098 L x 0.079 W (2.50mm x 2.00mm),,-40°C ~ 85°C,,Abracon LLC,,,
Oscillator,ASDMB-26.000MHZ-LC-T,oscillators\MEMS_Crystal_4P_1S3C,26MHz,XO (Standard),,MEMS,15mA,26MHz,±50ppm,Standby (Power Down),LVCMOS,1.8V ~ 3.3V,"Crystal_XTAL250X200X50-4N,Crystal_SC250X200X50-4N","4-SMD, No Lead",,,,https://abracon.com/Oscillators/ASDMB.pdf,MEMS OSC XO 26.0000MHZ LVCMOS,Surface Mount,0.035 (0.90mm),0.098 L x 0.079 W (2.50mm x 2.00mm),,-40°C ~ 85°C,,Abracon LLC,,,
Oscillator,ASDMB-3.6864MHZ-LY-T,oscillators\MEMS_Crystal_4P_1S3C,3.6864MHz,XO (Standard),,MEMS,16mA,3.6864MHz,±10ppm,Standby (Power Down),LVCMOS,1.8V ~ 3.3V,"Crystal_XTAL250X200X50-4N,Crystal_SC250X200X50-4N","4-SMD, No Lead",,,,https://abracon.com/Oscillators/ASDMB.pdf,MEMS OSC XO 3.6864MHZ LVCMOS SMD,Surface Mount,0.035 (0.90mm),0.098 L x 0.079 W (2.50mm x 2.00mm),,-40°C ~ 85°C,,Abracon LLC,,,
Oscillator,ASDMB-14.31818MHZ-LY-T,oscillators\MEMS_Crystal_4P_1S3C,14.31818MHz,XO (Standard),,MEMS,16mA,14.31818MHz,±10ppm,Standby (Power Down),LVCMOS,1.8V ~ 3.3V,"Crystal_XTAL250X200X50-4N,Crystal_SC250X200X50-4N","4-SMD, No Lead",,,,https://abracon.com/Oscillators/ASDMB.pdf,MEMS OSC XO 14.31818MHZ LVCMOS,Surface Mount,0.035 (0.90mm),0.098 L x 0.079 W (2.50mm x 2.00mm),,-40°C ~ 85°C,,Abracon LLC,,,
Oscillator,ASDMB-12.000MHZ-LY-T,oscillators\MEMS_Crystal_4P_1S3C,12MHz,XO (Standard),,MEMS,16mA,12MHz,±10ppm,Standby (Power Down),LVCMOS,1.8V ~ 3.3V,"Crystal_XTAL250X200X50-4N,Crystal_SC250X200X50-4N","4-SMD, No Lead",,,,https://abracon.com/Oscillators/ASDMB.pdf,MEMS OSC XO 12.0000MHZ LVCMOS,Surface Mount,0.035 (0.90mm),0.098 L x 0.079 W (2.50mm x 2.00mm),,-40°C ~ 85°C,,Abracon LLC,,,
Oscillator,ASDMB-29.4912MHZ-LY-T,oscillators\MEMS_Crystal_4P_1S3C,29.4912MHz,XO (Standard),,MEMS,16mA,29.4912MHz,±10ppm,Standby (Power Down),LVCMOS,1.8V ~ 3.3V,"Crystal_XTAL250X200X50-4N,Crystal_SC250X200X50-4N","4-SMD, No Lead",,,,https://abracon.com/Oscillators/ASDMB.pdf,MEMS OSC XO 29.4912MHZ LVCMOS,Surface Mount,0.035 (0.90mm),0.098 L x 0.079 W (2.50mm x 2.00mm),,-40°C ~ 85°C,,Abracon LLC,,,
Oscillator,ASDMB-24.000MHZ-XY-T,oscillators\MEMS_Crystal_4P_1S3C,24MHz,XO (Standard),,MEMS,16mA,24MHz,±10ppm,Standby (Power Down),LVCMOS,1.8V ~ 3.3V,"Crystal_XTAL250X200X50-4N,Crystal_SC250X200X50-4N","4-SMD, No Lead",,,,https://abracon.com/Oscillators/ASDMB.pdf,MEMS OSC XO 24.0000MHZ LVCMOS,Surface Mount,0.035 (0.90mm),0.098 L x 0.079 W (2.50mm x 2.00mm),,-40°C ~ 105°C,,Abracon LLC,,,
Oscillator,ASDMB-18.432MHZ-XY-T,oscillators\MEMS_Crystal_4P_1S3C,18.432MHz,XO (Standard),,MEMS,16mA,18.432MHz,±10ppm,Standby (Power Down),LVCMOS,1.8V ~ 3.3V,"Crystal_XTAL250X200X50-4N,Crystal_SC250X200X50-4N","4-SMD, No Lead",,,,https://abracon.com/Oscillators/ASDMB.pdf,MEMS OSC XO 18.4320MHZ LVCMOS,Surface Mount,0.035 (0.90mm),0.098 L x 0.079 W (2.50mm x 2.00mm),,-40°C ~ 105°C,,Abracon LLC,,,
Oscillator,ASDMB-24.576MHZ-XY-T,oscillators\MEMS_Crystal_4P_1S3C,24.576MHz,XO (Standard),,MEMS,16mA,24.576MHz,±10ppm,Standby (Power Down),LVCMOS,1.8V ~ 3.3V,"Crystal_XTAL250X200X50-4N,Crystal_SC250X200X50-4N","4-SMD, No Lead",,,,https://abracon.com/Oscillators/ASDMB.pdf,MEMS OSC XO 24.5760MHZ LVCMOS,Surface Mount,0.035 (0.90mm),0.098 L x 0.079 W (2.50mm x 2.00mm),,-40°C ~ 105°C,,Abracon LLC,,,
Oscillator,ASDMB-30.000MHZ-XY-T,oscillators\MEMS_Crystal_4P_1S3C,30MHz,XO (Standard),,MEMS,16mA,30MHz,±10ppm,Standby (Power Down),LVCMOS,1.8V ~ 3.3V,"Crystal_XTAL250X200X50-4N,Crystal_SC250X200X50-4N","4-SMD, No Lead",,,,https://abracon.com/Oscillators/ASDMB.pdf,MEMS OSC XO 30.0000MHZ LVCMOS,Surface Mount,0.035 (0.90mm),0.098 L x 0.079 W (2.50mm x 2.00mm),,-40°C ~ 105°C,,Abracon LLC,,,
Oscillator,ASDMB-32.000MHZ-XY-T,oscillators\MEMS_Crystal_4P_1S3C,32MHz,XO (Standard),,MEMS,16mA,32MHz,±10ppm,Standby (Power Down),LVCMOS,1.8V ~ 3.3V,"Crystal_XTAL250X200X50-4N,Crystal_SC250X200X50-4N","4-SMD, No Lead",,,,https://abracon.com/Oscillators/ASDMB.pdf,MEMS OSC XO 32.0000MHZ LVCMOS,Surface Mount,0.035 (0.90mm),0.098 L x 0.079 W (2.50mm x 2.00mm),,-40°C ~ 105°C,,Abracon LLC,,,
Oscillator,ASDMB-60.000MHZ-LC-T,oscillators\MEMS_Crystal_4P_1S3C,60MHz,XO (Standard),,MEMS,16mA,60MHz,±50ppm,Standby (Power Down),LVCMOS,1.8V ~ 3.3V,"Crystal_XTAL250X200X50-4N,Crystal_SC250X200X50-4N","4-SMD, No Lead",,,,https://abracon.com/Oscillators/ASDMB.pdf,MEMS OSC XO 60.0000MHZ LVCMOS,Surface Mount,0.035 (0.90mm),0.098 L x 0.079 W (2.50mm x 2.00mm),,-40°C ~ 85°C,,Abracon LLC,,,
Oscillator,ASDMB-30.000MHZ-LC-T,oscillators\MEMS_Crystal_4P_1S3C,30MHz,XO (Standard),,MEMS,16mA,30MHz,±50ppm,Standby (Power Down),LVCMOS,1.8V ~ 3.3V,"Crystal_XTAL250X200X50-4N,Crystal_SC250X200X50-4N","4-SMD, No Lead",,,,https://abracon.com/Oscillators/ASDMB.pdf,MEMS OSC XO 30.0000MHZ LVCMOS,Surface Mount,0.035 (0.90mm),0.098 L x 0.079 W (2.50mm x 2.00mm),,-40°C ~ 85°C,,Abracon LLC,,,
Oscillator,ASDMB-50.000MHZ-EC-T,oscillators\MEMS_Crystal_4P_1S3C,50MHz,XO (Standard),,MEMS,16mA,50MHz,±50ppm,Standby (Power Down),LVCMOS,1.8V ~ 3.3V,"Crystal_XTAL250X200X50-4N,Crystal_SC250X200X50-4N","4-SMD, No Lead",,,,https://abracon.com/Oscillators/ASDMB.pdf,MEMS OSC XO 50.0000MHZ LVCMOS,Surface Mount,0.035 (0.90mm),0.098 L x 0.079 W (2.50mm x 2.00mm),,-20°C ~ 70°C,,Abracon LLC,,,
Oscillator,ASDMB-24.000MHZ-LC-T,oscillators\MEMS_Crystal_4P_1S3C,24MHz,XO (Standard),,MEMS,16mA,24MHz,±50ppm,Standby (Power Down),LVCMOS,1.8V ~ 3.3V,"Crystal_XTAL250X200X50-4N,Crystal_SC250X200X50-4N","4-SMD, No Lead",,,,https://abracon.com/Oscillators/ASDMB.pdf,MEMS OSC XO 24.0000MHZ LVCMOS,Surface Mount,0.035 (0.90mm),0.098 L x 0.079 W (2.50mm x 2.00mm),,-40°C ~ 85°C,,Abracon LLC,,,
Oscillator,ASDMB-25.000MHZ-LR-T,oscillators\MEMS_Crystal_4P_1S3C,25MHz,XO (Standard),,MEMS,16mA,25MHz,±25ppm,Standby (Power Down),LVCMOS,1.8V ~ 3.3V,"Crystal_XTAL250X200X50-4N,Crystal_SC250X200X50-4N","4-SMD, No Lead",,,,https://abracon.com/Oscillators/ASDMB.pdf,MEMS OSC XO 25.0000MHZ LVCMOS,Surface Mount,0.035 (0.90mm),0.098 L x 0.079 W (2.50mm x 2.00mm),,-40°C ~ 85°C,,Abracon LLC,,,
Oscillator,ASDMB-26.000MHZ-LY-T,oscillators\MEMS_Crystal_4P_1S3C,26MHz,XO (Standard),,MEMS,16mA,26MHz,±10ppm,Standby (Power Down),LVCMOS,1.8V ~ 3.3V,"Crystal_XTAL250X200X50-4N,Crystal_SC250X200X50-4N","4-SMD, No Lead",,,,https://abracon.com/Oscillators/ASDMB.pdf,MEMS OSC XO 26.0000MHZ LVCMOS,Surface Mount,0.035 (0.90mm),0.098 L x 0.079 W (2.50mm x 2.00mm),,-40°C ~ 85°C,,Abracon LLC,,,
Oscillator,ASDMB-50.000MHZ-LC-T,oscillators\MEMS_Crystal_4P_1S3C,50MHz,XO (Standard),,MEMS,16mA,50MHz,±50ppm,Standby (Power Down),LVCMOS,1.8V ~ 3.3V,"Crystal_XTAL250X200X50-4N,Crystal_SC250X200X50-4N","4-SMD, No Lead",,,,https://abracon.com/Oscillators/ASDMB.pdf,MEMS OSC XO 50.0000MHZ LVCMOS,Surface Mount,0.035 (0.90mm),0.098 L x 0.079 W (2.50mm x 2.00mm),,-40°C ~ 85°C,,Abracon LLC,,,
Oscillator,ASDMB-12.000MHZ-LC-T,oscillators\MEMS_Crystal_4P_1S3C,12MHz,XO (Standard),,MEMS,16mA,12MHz,±50ppm,Standby (Power Down),LVCMOS,1.8V ~ 3.3V,"Crystal_XTAL250X200X50-4N,Crystal_SC250X200X50-4N","4-SMD, No Lead",,,,https://abracon.com/Oscillators/ASDMB.pdf,MEMS OSC XO 12.0000MHZ LVCMOS,Surface Mount,0.035 (0.90mm),0.098 L x 0.079 W (2.50mm x 2.00mm),,-40°C ~ 85°C,,Abracon LLC,,,
Oscillator,ASDMB-20.000MHZ-LC-T,oscillators\MEMS_Crystal_4P_1S3C,20MHz,XO (Standard),,MEMS,16mA,20MHz,±50ppm,Standby (Power Down),LVCMOS,1.8V ~ 3.3V,"Crystal_XTAL250X200X50-4N,Crystal_SC250X200X50-4N","4-SMD, No Lead",,,,https://abracon.com/Oscillators/ASDMB.pdf,MEMS OSC XO 20.0000MHZ LVCMOS,Surface Mount,0.035 (0.90mm),0.098 L x 0.079 W (2.50mm x 2.00mm),,-40°C ~ 85°C,,Abracon LLC,,,
Oscillator,ASDMB-27.000MHZ-LC-T,oscillators\MEMS_Crystal_4P_1S3C,27MHz,XO (Standard),,MEMS,16mA,27MHz,±50ppm,Standby (Power Down),LVCMOS,1.8V ~ 3.3V,"Crystal_XTAL250X200X50-4N,Crystal_SC250X200X50-4N","4-SMD, No Lead",,,,https://abracon.com/Oscillators/ASDMB.pdf,MEMS OSC XO 27.0000MHZ LVCMOS,Surface Mount,0.035 (0.90mm),0.098 L x 0.079 W (2.50mm x 2.00mm),,-40°C ~ 85°C,,Abracon LLC,,,
Oscillator,ASDMB-48.000MHZ-LC-T,oscillators\MEMS_Crystal_4P_1S3C,48MHz,XO (Standard),,MEMS,16mA,48MHz,±50ppm,Standby (Power Down),LVCMOS,1.8V ~ 3.3V,"Crystal_XTAL250X200X50-4N,Crystal_SC250X200X50-4N","4-SMD, No Lead",,,,https://abracon.com/Oscillators/ASDMB.pdf,MEMS OSC XO 48.0000MHZ LVCMOS,Surface Mount,0.035 (0.90mm),0.098 L x 0.079 W (2.50mm x 2.00mm),,-40°C ~ 85°C,,Abracon LLC,,,
Oscillator,ASDMB-16.000MHZ-LC-T,oscillators\MEMS_Crystal_4P_1S3C,16MHz,XO (Standard),,MEMS,16mA,16MHz,±50ppm,Standby (Power Down),LVCMOS,1.8V ~ 3.3V,"Crystal_XTAL250X200X50-4N,Crystal_SC250X200X50-4N","4-SMD, No Lead",,,,https://abracon.com/Oscillators/ASDMB.pdf,MEMS OSC XO 16.0000MHZ LVCMOS,Surface Mount,0.035 (0.90mm),0.098 L x 0.079 W (2.50mm x 2.00mm),,-40°C ~ 85°C,,Abracon LLC,,,
Oscillator,ASDMB-8.000MHZ-LC-T,oscillators\MEMS_Crystal_4P_1S3C,8MHz,XO (Standard),,MEMS,16mA,8MHz,±50ppm,Standby (Power Down),LVCMOS,1.8V ~ 3.3V,"Crystal_XTAL250X200X50-4N,Crystal_SC250X200X50-4N","4-SMD, No Lead",,,,https://abracon.com/Oscillators/ASDMB.pdf,MEMS OSC XO 8.0000MHZ LVCMOS SMD,Surface Mount,0.035 (0.90mm),0.098 L x 0.079 W (2.50mm x 2.00mm),,-40°C ~ 85°C,,Abracon LLC,,,
Oscillator,ASDMB-33.333MHZ-LC-T,oscillators\MEMS_Crystal_4P_1S3C,33.333MHz,XO (Standard),,MEMS,16mA,33.333MHz,,Standby (Power Down),LVCMOS,1.8V ~ 3.3V,"Crystal_XTAL250X200X50-4N,Crystal_SC250X200X50-4N","4-SMD, No Lead",,,,https://abracon.com/Oscillators/ASDMB.pdf,MEMS OSC XO 33.3330MHZ LVCMOS,Surface Mount,0.035 (0.90mm),0.098 L x 0.079 W (2.50mm x 2.00mm),,-40°C ~ 85°C,,Abracon LLC,,,
Oscillator,ASDMB-4.000MHZ-LC-T,oscillators\MEMS_Crystal_4P_1S3C,4MHz,XO (Standard),,MEMS,16mA,4MHz,±50ppm,Standby (Power Down),LVCMOS,1.8V ~ 3.3V,"Crystal_XTAL250X200X50-4N,Crystal_SC250X200X50-4N","4-SMD, No Lead",,,,https://abracon.com/Oscillators/ASDMB.pdf,MEMS OSC XO 4.0000MHZ LVCMOS SMD,Surface Mount,0.035 (0.90mm),0.098 L x 0.079 W (2.50mm x 2.00mm),,-40°C ~ 85°C,,Abracon LLC,,,
Oscillator,ASDMB-25.000MHZ-LC-T,oscillators\MEMS_Crystal_4P_1S3C,25MHz,XO (Standard),,MEMS,16mA,25MHz,±50ppm,Standby (Power Down),LVCMOS,1.8V ~ 3.3V,"Crystal_XTAL250X200X50-4N,Crystal_SC250X200X50-4N","4-SMD, No Lead",,,,https://abracon.com/Oscillators/ASDMB.pdf,MEMS OSC XO 25.0000MHZ LVCMOS,Surface Mount,0.035 (0.90mm),0.098 L x 0.079 W (2.50mm x 2.00mm),,-40°C ~ 85°C,,Abracon LLC,,,
Oscillator,ASDMB-1.8432MHZ-LC-T,oscillators\MEMS_Crystal_4P_1S3C,1.8432MHz,XO (Standard),,MEMS,16mA,1.8432MHz,±50ppm,Standby (Power Down),LVCMOS,1.8V ~ 3.3V,"Crystal_XTAL250X200X50-4N,Crystal_SC250X200X50-4N","4-SMD, No Lead",,,,https://abracon.com/Oscillators/ASDMB.pdf,MEMS OSC XO 1.8432MHZ LVCMOS SMD,Surface Mount,0.035 (0.90mm),0.098 L x 0.079 W (2.50mm x 2.00mm),,-40°C ~ 85°C,,Abracon LLC,,,
Oscillator,ASDMB-3.6864MHZ-LC-T,oscillators\MEMS_Crystal_4P_1S3C,3.6864MHz,XO (Standard),,MEMS,16mA,3.6864MHz,±50ppm,Standby (Power Down),LVCMOS,1.8V ~ 3.3V,"Crystal_XTAL250X200X50-4N,Crystal_SC250X200X50-4N","4-SMD, No Lead",,,,https://abracon.com/Oscillators/ASDMB.pdf,MEMS OSC XO 3.6864MHZ LVCMOS SMD,Surface Mount,0.035 (0.90mm),0.098 L x 0.079 W (2.50mm x 2.00mm),,-40°C ~ 85°C,,Abracon LLC,,,
Oscillator,ASDMB-14.7456MHZ-LC-T,oscillators\MEMS_Crystal_4P_1S3C,14.7456MHz,XO (Standard),,MEMS,16mA,14.7456MHz,±50ppm,Standby (Power Down),LVCMOS,1.8V ~ 3.3V,"Crystal_XTAL250X200X50-4N,Crystal_SC250X200X50-4N","4-SMD, No Lead",,,,https://abracon.com/Oscillators/ASDMB.pdf,MEMS OSC XO 14.7456MHZ LVCMOS,Surface Mount,0.035 (0.90mm),0.098 L x 0.079 W (2.50mm x 2.00mm),,-40°C ~ 85°C,,Abracon LLC,,,
Oscillator,ASDMB-26.000MHZ-EC-T,oscillators\MEMS_Crystal_4P_1S3C,26MHz,XO (Standard),,MEMS,16mA,26MHz,±50ppm,Standby (Power Down),LVCMOS,1.8V ~ 3.3V,"Crystal_XTAL250X200X50-4N,Crystal_SC250X200X50-4N","4-SMD, No Lead",,,,https://abracon.com/Oscillators/ASDMB.pdf,MEMS OSC XO 26.0000MHZ LVCMOS,Surface Mount,0.035 (0.90mm),0.098 L x 0.079 W (2.50mm x 2.00mm),,-20°C ~ 70°C,,Abracon LLC,,,
Oscillator,ASDMB-25.000MHZ-EC-T,oscillators\MEMS_Crystal_4P_1S3C,25MHz,XO (Standard),,MEMS,16mA,25MHz,±50ppm,Standby (Power Down),LVCMOS,1.8V ~ 3.3V,"Crystal_XTAL250X200X50-4N,Crystal_SC250X200X50-4N","4-SMD, No Lead",,,,https://abracon.com/Oscillators/ASDMB.pdf,MEMS OSC XO 25.0000MHZ LVCMOS,Surface Mount,0.035 (0.90mm),0.098 L x 0.079 W (2.50mm x 2.00mm),,-20°C ~ 70°C,,Abracon LLC,,,
Oscillator,ASDMB-33.333MHZ-XY-T,oscillators\MEMS_Crystal_4P_1S3C,33.333MHz,XO (Standard),,MEMS,16mA,33.333MHz,±10ppm,Standby (Power Down),LVCMOS,1.8V ~ 3.3V,"Crystal_XTAL250X200X50-4N,Crystal_SC250X200X50-4N","4-SMD, No Lead",,,,https://abracon.com/Oscillators/ASDMB.pdf,MEMS OSC XO 33.3330MHZ LVCMOS,Surface Mount,0.035 (0.90mm),0.098 L x 0.079 W (2.50mm x 2.00mm),,-40°C ~ 105°C,,Abracon LLC,,,
Oscillator,ASDMB-25.000MHZ-LY-T,oscillators\MEMS_Crystal_4P_1S3C,25MHz,XO (Standard),,MEMS,16mA,25MHz,±10ppm,Standby (Power Down),LVCMOS,1.8V ~ 3.3V,"Crystal_XTAL250X200X50-4N,Crystal_SC250X200X50-4N","4-SMD, No Lead",,,,https://abracon.com/Oscillators/ASDMB.pdf,MEMS OSC XO 25.0000MHZ LVCMOS,Surface Mount,0.035 (0.90mm),0.098 L x 0.079 W (2.50mm x 2.00mm),,-40°C ~ 85°C,,Abracon LLC,,,
Oscillator,ASDMB-19.200MHZ-LY-T,oscillators\MEMS_Crystal_4P_1S3C,19.2MHz,XO (Standard),,MEMS,16mA,19.2MHz,±10ppm,Standby (Power Down),LVCMOS,1.8V ~ 3.3V,"Crystal_XTAL250X200X50-4N,Crystal_SC250X200X50-4N","4-SMD, No Lead",,,,https://abracon.com/Oscillators/ASDMB.pdf,MEMS OSC XO 19.2000MHZ LVCMOS,Surface Mount,0.035 (0.90mm),0.098 L x 0.079 W (2.50mm x 2.00mm),,-40°C ~ 85°C,,Abracon LLC,,,
Oscillator,ASDMB-33.333MHZ-LY-T,oscillators\MEMS_Crystal_4P_1S3C,33.333MHz,XO (Standard),,MEMS,16mA,33.333MHz,±10ppm,Standby (Power Down),LVCMOS,1.8V ~ 3.3V,"Crystal_XTAL250X200X50-4N,Crystal_SC250X200X50-4N","4-SMD, No Lead",,,,https://abracon.com/Oscillators/ASDMB.pdf,MEMS OSC XO 33.3330MHZ LVCMOS,Surface Mount,0.035 (0.90mm),0.098 L x 0.079 W (2.50mm x 2.00mm),,-40°C ~ 85°C,,Abracon LLC,,,
Oscillator,ASDMB-8.000MHZ-LY-T,oscillators\MEMS_Crystal_4P_1S3C,8MHz,XO (Standard),,MEMS,16mA,8MHz,±10ppm,Standby (Power Down),LVCMOS,1.8V ~ 3.3V,"Crystal_XTAL250X200X50-4N,Crystal_SC250X200X50-4N","4-SMD, No Lead",,,,https://abracon.com/Oscillators/ASDMB.pdf,MEMS OSC XO 8.0000MHZ LVCMOS SMD,Surface Mount,0.035 (0.90mm),0.098 L x 0.079 W (2.50mm x 2.00mm),,-40°C ~ 85°C,,Abracon LLC,,,
Oscillator,ASDMB-27.000MHZ-LY-T,oscillators\MEMS_Crystal_4P_1S3C,27MHz,XO (Standard),,MEMS,16mA,27MHz,±10ppm,Standby (Power Down),LVCMOS,1.8V ~ 3.3V,"Crystal_XTAL250X200X50-4N,Crystal_SC250X200X50-4N","4-SMD, No Lead",,,,https://abracon.com/Oscillators/ASDMB.pdf,MEMS OSC XO 27.0000MHZ LVCMOS,Surface Mount,0.035 (0.90mm),0.098 L x 0.079 W (2.50mm x 2.00mm),,-40°C ~ 85°C,,Abracon LLC,,,
Oscillator,ASDMB-50.000MHZ-LY-T,oscillators\MEMS_Crystal_4P_1S3C,50MHz,XO (Standard),,MEMS,16mA,50MHz,±10ppm,Standby (Power Down),LVCMOS,1.8V ~ 3.3V,"Crystal_XTAL250X200X50-4N,Crystal_SC250X200X50-4N","4-SMD, No Lead",,,,https://abracon.com/Oscillators/ASDMB.pdf,MEMS OSC XO 50.0000MHZ LVCMOS,Surface Mount,0.035 (0.90mm),0.098 L x 0.079 W (2.50mm x 2.00mm),,-40°C ~ 85°C,,Abracon LLC,,,
Oscillator,ASDMB-24.000MHZ-LY-T,oscillators\MEMS_Crystal_4P_1S3C,24MHz,XO (Standard),,MEMS,16mA,24MHz,±10ppm,Standby (Power Down),LVCMOS,1.8V ~ 3.3V,"Crystal_XTAL250X200X50-4N,Crystal_SC250X200X50-4N","4-SMD, No Lead",,,,https://abracon.com/Oscillators/ASDMB.pdf,MEMS OSC XO 24.0000MHZ LVCMOS,Surface Mount,0.035 (0.90mm),0.098 L x 0.079 W (2.50mm x 2.00mm),,-40°C ~ 85°C,,Abracon LLC,,,
Oscillator,ASDMB-25.000MHZ-XY-T,oscillators\MEMS_Crystal_4P_1S3C,25MHz,XO (Standard),,MEMS,16mA,25MHz,±10ppm,Standby (Power Down),LVCMOS,1.8V ~ 3.3V,"Crystal_XTAL250X200X50-4N,Crystal_SC250X200X50-4N","4-SMD, No Lead",,,,https://abracon.com/Oscillators/ASDMB.pdf,MEMS OSC XO 25.0000MHZ LVCMOS,Surface Mount,0.035 (0.90mm),0.098 L x 0.079 W (2.50mm x 2.00mm),,-40°C ~ 105°C,,Abracon LLC,,,
Oscillator,ASDMB-27.000MHZ-XY-T,oscillators\MEMS_Crystal_4P_1S3C,27MHz,XO (Standard),,MEMS,16mA,27MHz,±10ppm,Standby (Power Down),LVCMOS,1.8V ~ 3.3V,"Crystal_XTAL250X200X50-4N,Crystal_SC250X200X50-4N","4-SMD, No Lead",,,,https://abracon.com/Oscillators/ASDMB.pdf,MEMS OSC XO 27.0000MHZ LVCMOS,Surface Mount,0.035 (0.90mm),0.098 L x 0.079 W (2.50mm x 2.00mm),,-40°C ~ 105°C,,Abracon LLC,,,
Oscillator,ASDMB-20.000MHZ-XY-T,oscillators\MEMS_Crystal_4P_1S3C,20MHz,XO (Standard),,MEMS,16mA,20MHz,±10ppm,Standby (Power Down),LVCMOS,1.8V ~ 3.3V,"Crystal_XTAL250X200X50-4N,Crystal_SC250X200X50-4N","4-SMD, No Lead",,,,https://abracon.com/Oscillators/ASDMB.pdf,MEMS OSC XO 20.0000MHZ LVCMOS,Surface Mount,0.035 (0.90mm),0.098 L x 0.079 W (2.50mm x 2.00mm),,-40°C ~ 105°C,,Abracon LLC,,,
Oscillator,ASDMB-26.000MHZ-XY-T,oscillators\MEMS_Crystal_4P_1S3C,26MHz,XO (Standard),,MEMS,16mA,26MHz,±10ppm,Standby (Power Down),LVCMOS,1.8V ~ 3.3V,"Crystal_XTAL250X200X50-4N,Crystal_SC250X200X50-4N","4-SMD, No Lead",,,,https://abracon.com/Oscillators/ASDMB.pdf,MEMS OSC XO 26.0000MHZ LVCMOS,Surface Mount,0.035 (0.90mm),0.098 L x 0.079 W (2.50mm x 2.00mm),,-40°C ~ 105°C,,Abracon LLC,,,
Oscillator,ASDMB-50.000MHZ-XY-T,oscillators\MEMS_Crystal_4P_1S3C,50MHz,XO (Standard),,MEMS,16mA,50MHz,±10ppm,Standby (Power Down),LVCMOS,1.8V ~ 3.3V,"Crystal_XTAL250X200X50-4N,Crystal_SC250X200X50-4N","4-SMD, No Lead",,,,https://abracon.com/Oscillators/ASDMB.pdf,MEMS OSC XO 50.0000MHZ LVCMOS,Surface Mount,0.035 (0.90mm),0.098 L x 0.079 W (2.50mm x 2.00mm),,-40°C ~ 105°C,,Abracon LLC,,,
Oscillator,ASDMB-10.000MHZ-XY-T,oscillators\MEMS_Crystal_4P_1S3C,10MHz,XO (Standard),,MEMS,16mA,10MHz,±10ppm,Standby (Power Down),LVCMOS,1.8V ~ 3.3V,"Crystal_XTAL250X200X50-4N,Crystal_SC250X200X50-4N","4-SMD, No Lead",,,,https://abracon.com/Oscillators/ASDMB.pdf,MEMS OSC XO 10.0000MHZ LVCMOS,Surface Mount,0.035 (0.90mm),0.098 L x 0.079 W (2.50mm x 2.00mm),,-40°C ~ 105°C,,Abracon LLC,,,
Oscillator,ASDMB-48.000MHZ-XY-T,oscillators\MEMS_Crystal_4P_1S3C,48MHz,XO (Standard),,MEMS,16mA,48MHz,±10ppm,Standby (Power Down),LVCMOS,1.8V ~ 3.3V,"Crystal_XTAL250X200X50-4N,Crystal_SC250X200X50-4N","4-SMD, No Lead",,,,https://abracon.com/Oscillators/ASDMB.pdf,MEMS OSC XO 48.0000MHZ LVCMOS,Surface Mount,0.035 (0.90mm),0.098 L x 0.079 W (2.50mm x 2.00mm),,-40°C ~ 105°C,,Abracon LLC,,,
Oscillator,ASDMB-100.000MHZ-XY-T,oscillators\MEMS_Crystal_4P_1S3C,100MHz,XO (Standard),,MEMS,16mA,100MHz,±10ppm,Standby (Power Down),LVCMOS,1.8V ~ 3.3V,"Crystal_XTAL250X200X50-4N,Crystal_SC250X200X50-4N","4-SMD, No Lead",,,,https://abracon.com/Oscillators/ASDMB.pdf,MEMS OSC XO 100.0000MHZ LVCMOS,Surface Mount,0.035 (0.90mm),0.098 L x 0.079 W (2.50mm x 2.00mm),,-40°C ~ 105°C,,Abracon LLC,,,
Oscillator,ASDMB-100.000MHZ-LY-T,oscillators\MEMS_Crystal_4P_1S3C,100MHz,XO (Standard),,MEMS,16mA,100MHz,±10ppm,Standby (Power Down),LVCMOS,1.8V ~ 3.3V,"Crystal_XTAL250X200X50-4N,Crystal_SC250X200X50-4N","4-SMD, No Lead",,,,https://abracon.com/Oscillators/ASDMB.pdf,MEMS OSC XO 100.0000MHZ LVCMOS,Surface Mount,0.035 (0.90mm),0.098 L x 0.079 W (2.50mm x 2.00mm),,-40°C ~ 85°C,,Abracon LLC,,,
Oscillator,ASDMB-125.000MHZ-XY-T,oscillators\MEMS_Crystal_4P_1S3C,125MHz,XO (Standard),,MEMS,16mA,125MHz,±10ppm,Standby (Power Down),LVCMOS,1.8V ~ 3.3V,"Crystal_XTAL250X200X50-4N,Crystal_SC250X200X50-4N","4-SMD, No Lead",,,,https://abracon.com/Oscillators/ASDMB.pdf,MEMS OSC XO 125.0000MHZ LVCMOS,Surface Mount,0.035 (0.90mm),0.098 L x 0.079 W (2.50mm x 2.00mm),,-40°C ~ 105°C,,Abracon LLC,,,
Oscillator,ASDMB-11.0592MHZ-LY-T,oscillators\MEMS_Crystal_4P_1S3C,11.0592MHz,XO (Standard),,MEMS,16mA,11.0592MHz,±10ppm,Standby (Power Down),LVCMOS,1.8V ~ 3.3V,"Crystal_XTAL250X200X50-4N,Crystal_SC250X200X50-4N","4-SMD, No Lead",,,,https://abracon.com/Oscillators/ASDMB.pdf,MEMS OSC XO 11.0592MHZ LVCMOS,Surface Mount,0.035 (0.90mm),0.098 L x 0.079 W (2.50mm x 2.00mm),,-40°C ~ 85°C,,Abracon LLC,,,
Oscillator,ASDMB-4.000MHZ-LY-T,oscillators\MEMS_Crystal_4P_1S3C,4MHz,XO (Standard),,MEMS,16mA,4MHz,±10ppm,Standby (Power Down),LVCMOS,1.8V ~ 3.3V,"Crystal_XTAL250X200X50-4N,Crystal_SC250X200X50-4N","4-SMD, No Lead",,,,https://abracon.com/Oscillators/ASDMB.pdf,MEMS OSC XO 4.0000MHZ LVCMOS SMD,Surface Mount,0.035 (0.90mm),0.098 L x 0.079 W (2.50mm x 2.00mm),,-40°C ~ 85°C,,Abracon LLC,,,
Oscillator,ASDMB-32.000MHZ-LY-T,oscillators\MEMS_Crystal_4P_1S3C,32MHz,XO (Standard),,MEMS,16mA,32MHz,±10ppm,Standby (Power Down),LVCMOS,1.8V ~ 3.3V,"Crystal_XTAL250X200X50-4N,Crystal_SC250X200X50-4N","4-SMD, No Lead",,,,https://abracon.com/Oscillators/ASDMB.pdf,MEMS OSC XO 32.0000MHZ LVCMOS,Surface Mount,0.035 (0.90mm),0.098 L x 0.079 W (2.50mm x 2.00mm),,-40°C ~ 85°C,,Abracon LLC,,,
Oscillator,ASDMB-14.7456MHZ-LY-T,oscillators\MEMS_Crystal_4P_1S3C,14.7456MHz,XO (Standard),,MEMS,16mA,14.7456MHz,±10ppm,Standby (Power Down),LVCMOS,1.8V ~ 3.3V,"Crystal_XTAL250X200X50-4N,Crystal_SC250X200X50-4N","4-SMD, No Lead",,,,https://abracon.com/Oscillators/ASDMB.pdf,MEMS OSC XO 14.7456MHZ LVCMOS,Surface Mount,0.035 (0.90mm),0.098 L x 0.079 W (2.50mm x 2.00mm),,-40°C ~ 85°C,,Abracon LLC,,,
Oscillator,ASDMB-24.576MHZ-LY-T,oscillators\MEMS_Crystal_4P_1S3C,24.576MHz,XO (Standard),,MEMS,16mA,24.576MHz,±10ppm,Standby (Power Down),LVCMOS,1.8V ~ 3.3V,"Crystal_XTAL250X200X50-4N,Crystal_SC250X200X50-4N","4-SMD, No Lead",,,,https://abracon.com/Oscillators/ASDMB.pdf,MEMS OSC XO 24.5760MHZ LVCMOS,Surface Mount,0.035 (0.90mm),0.098 L x 0.079 W (2.50mm x 2.00mm),,-40°C ~ 85°C,,Abracon LLC,,,
Oscillator,ASDMB-7.3728MHZ-LY-T,oscillators\MEMS_Crystal_4P_1S3C,7.3728MHz,XO (Standard),,MEMS,16mA,7.3728MHz,±10ppm,Standby (Power Down),LVCMOS,1.8V ~ 3.3V,"Crystal_XTAL250X200X50-4N,Crystal_SC250X200X50-4N","4-SMD, No Lead",,,,https://abracon.com/Oscillators/ASDMB.pdf,MEMS OSC XO 7.3728MHZ LVCMOS SMD,Surface Mount,0.035 (0.90mm),0.098 L x 0.079 W (2.50mm x 2.00mm),,-40°C ~ 85°C,,Abracon LLC,,,
Oscillator,ASDMB-29.4912MHZ-XY-T,oscillators\MEMS_Crystal_4P_1S3C,29.4912MHz,XO (Standard),,MEMS,16mA,29.4912MHz,±10ppm,Standby (Power Down),LVCMOS,1.8V ~ 3.3V,"Crystal_XTAL250X200X50-4N,Crystal_SC250X200X50-4N","4-SMD, No Lead",,,,https://abracon.com/Oscillators/ASDMB.pdf,MEMS OSC XO 29.4912MHZ LVCMOS,Surface Mount,0.035 (0.90mm),0.098 L x 0.079 W (2.50mm x 2.00mm),,-40°C ~ 105°C,,Abracon LLC,,,
Oscillator,ASDMB-33.000MHZ-XY-T,oscillators\MEMS_Crystal_4P_1S3C,33MHz,XO (Standard),,MEMS,16mA,33MHz,±10ppm,Standby (Power Down),LVCMOS,1.8V ~ 3.3V,"Crystal_XTAL250X200X50-4N,Crystal_SC250X200X50-4N","4-SMD, No Lead",,,,https://abracon.com/Oscillators/ASDMB.pdf,MEMS OSC XO 33.0000MHZ LVCMOS,Surface Mount,0.035 (0.90mm),0.098 L x 0.079 W (2.50mm x 2.00mm),,-40°C ~ 105°C,,Abracon LLC,,,
Oscillator,ASDMB-7.3728MHZ-XY-T,oscillators\MEMS_Crystal_4P_1S3C,7.3728MHz,XO (Standard),,MEMS,16mA,7.3728MHz,±10ppm,Standby (Power Down),LVCMOS,1.8V ~ 3.3V,"Crystal_XTAL250X200X50-4N,Crystal_SC250X200X50-4N","4-SMD, No Lead",,,,https://abracon.com/Oscillators/ASDMB.pdf,MEMS OSC XO 7.3728MHZ LVCMOS SMD,Surface Mount,0.035 (0.90mm),0.098 L x 0.079 W (2.50mm x 2.00mm),,-40°C ~ 105°C,,Abracon LLC,,,
Oscillator,ASDMB-133.333MHZ-LY-T,oscillators\MEMS_Crystal_4P_1S3C,133.333MHz,XO (Standard),,MEMS,16mA,133.333MHz,±10ppm,Standby (Power Down),LVCMOS,1.8V ~ 3.3V,"Crystal_XTAL250X200X50-4N,Crystal_SC250X200X50-4N","4-SMD, No Lead",,,,https://abracon.com/Oscillators/ASDMB.pdf,MEMS OSC XO 133.3330MHZ LVCMOS,Surface Mount,0.035 (0.90mm),0.098 L x 0.079 W (2.50mm x 2.00mm),,-40°C ~ 85°C,,Abracon LLC,,,
Oscillator,ASDMB-80.000MHZ-LY-T,oscillators\MEMS_Crystal_4P_1S3C,80MHz,XO (Standard),,MEMS,16mA,80MHz,±10ppm,Standby (Power Down),LVCMOS,1.8V ~ 3.3V,"Crystal_XTAL250X200X50-4N,Crystal_SC250X200X50-4N","4-SMD, No Lead",,,,https://abracon.com/Oscillators/ASDMB.pdf,MEMS OSC XO 80.0000MHZ LVCMOS,Surface Mount,0.035 (0.90mm),0.098 L x 0.079 W (2.50mm x 2.00mm),,-40°C ~ 85°C,,Abracon LLC,,,
Oscillator,ASE-24.576MHZ-ET,oscillators\XO_Crystal_4P_1T3C,24.576MHz,XO (Standard),,Crystal,13mA,24.576MHz,±100ppm,Enable/Disable,CMOS,3.3V,CRYSTAL_SC320X250X100-4N,"4-SMD, No Lead",,,,https://abracon.com/Oscillators/ASEseries.pdf,XTAL OSC XO 24.5760MHZ CMOS SMD,Surface Mount,0.047 (1.20mm),0.126 L x 0.098 W (3.20mm x 2.50mm),,-20°C ~ 70°C,,Abracon LLC,,,
Oscillator,ASE-48.000MHZ-ET,oscillators\XO_Crystal_4P_1T3C,48MHz,XO (Standard),,Crystal,19mA,48MHz,±100ppm,Enable/Disable,CMOS,3.3V,CRYSTAL_SC320X250X100-4N,"4-SMD, No Lead",,,,https://abracon.com/Oscillators/ASEseries.pdf,XTAL OSC XO 48.0000MHZ CMOS SMD,Surface Mount,0.047 (1.20mm),0.126 L x 0.098 W (3.20mm x 2.50mm),,-20°C ~ 70°C,,Abracon LLC,,,
Oscillator,ASE-50.000MHZ-ET,oscillators\XO_Crystal_4P_1T3C,50MHz,XO (Standard),,Crystal,19mA,50MHz,±100ppm,Enable/Disable,CMOS,3.3V,CRYSTAL_SC320X250X100-4N,"4-SMD, No Lead",,,,https://abracon.com/Oscillators/ASEseries.pdf,XTAL OSC XO 50.0000MHZ CMOS SMD,Surface Mount,0.047 (1.20mm),0.126 L x 0.098 W (3.20mm x 2.50mm),,-20°C ~ 70°C,,Abracon LLC,,,
Oscillator,ASE-20.000MHZ-LC-T,oscillators\XO_Crystal_4P_1T3C,20MHz,XO (Standard),,Crystal,7mA,20MHz,±50ppm,Enable/Disable,CMOS,3.3V,CRYSTAL_SC320X250X100-4N,"4-SMD, No Lead",,,,https://abracon.com/Oscillators/ASEseries.pdf,XTAL OSC XO 20.0000MHZ CMOS SMD,Surface Mount,0.047 (1.20mm),0.126 L x 0.098 W (3.20mm x 2.50mm),,-40°C ~ 85°C,,Abracon LLC,,,
Oscillator,ASE-18.432MHZ-LC-T,oscillators\XO_Crystal_4P_1T3C,18.432MHz,XO (Standard),,Crystal,7mA,18.432MHz,±50ppm,Enable/Disable,CMOS,3.3V,CRYSTAL_SC320X250X100-4N,"4-SMD, No Lead",,,,https://abracon.com/Oscillators/ASEseries.pdf,XTAL OSC XO 18.4320MHZ CMOS SMD,Surface Mount,0.047 (1.20mm),0.126 L x 0.098 W (3.20mm x 2.50mm),,-40°C ~ 85°C,,Abracon LLC,,,
Oscillator,ASE-11.0592MHZ-LC-T,oscillators\XO_Crystal_4P_1T3C,11.0592MHz,XO (Standard),,Crystal,7mA,11.0592MHz,±50ppm,Enable/Disable,CMOS,3.3V,CRYSTAL_SC320X250X100-4N,"4-SMD, No Lead",,,,https://abracon.com/Oscillators/ASEseries.pdf,XTAL OSC XO 11.0592MHZ CMOS SMD,Surface Mount,0.047 (1.20mm),0.126 L x 0.098 W (3.20mm x 2.50mm),,-40°C ~ 85°C,,Abracon LLC,,,
Oscillator,ASE-10.000MHZ-LC-T,oscillators\XO_Crystal_4P_1T3C,10MHz,XO (Standard),,Crystal,7mA,10MHz,±50ppm,Enable/Disable,CMOS,3.3V,CRYSTAL_SC320X250X100-4N,"4-SMD, No Lead",,,,https://abracon.com/Oscillators/ASEseries.pdf,XTAL OSC XO 10.0000MHZ CMOS SMD,Surface Mount,0.047 (1.20mm),0.126 L x 0.098 W (3.20mm x 2.50mm),,-40°C ~ 85°C,,Abracon LLC,,,
Oscillator,ASE-30.000MHZ-LC-T,oscillators\XO_Crystal_4P_1T3C,30MHz,XO (Standard),,Crystal,13mA,30MHz,±50ppm,Enable/Disable,CMOS,3.3V,CRYSTAL_SC320X250X100-4N,"4-SMD, No Lead",,,,https://abracon.com/Oscillators/ASEseries.pdf,XTAL OSC XO 30.0000MHZ CMOS SMD,Surface Mount,0.047 (1.20mm),0.126 L x 0.098 W (3.20mm x 2.50mm),,-40°C ~ 85°C,,Abracon LLC,,,
Oscillator,ASE-32.000MHZ-LC-T,oscillators\XO_Crystal_4P_1T3C,32MHz,XO (Standard),,Crystal,13mA,32MHz,±50ppm,Enable/Disable,CMOS,3.3V,CRYSTAL_SC320X250X100-4N,"4-SMD, No Lead",,,,https://abracon.com/Oscillators/ASEseries.pdf,XTAL OSC XO 32.0000MHZ CMOS SMD,Surface Mount,0.047 (1.20mm),0.126 L x 0.098 W (3.20mm x 2.50mm),,-40°C ~ 85°C,,Abracon LLC,,,
Oscillator,ASE-12.000MHZ-ET,oscillators\XO_Crystal_4P_1T3C,12MHz,XO (Standard),,Crystal,7mA,12MHz,±100ppm,Enable/Disable,CMOS,3.3V,CRYSTAL_SC320X250X100-4N,"4-SMD, No Lead",,,,https://abracon.com/Oscillators/ASEseries.pdf,XTAL OSC XO 12.0000MHZ CMOS SMD,Surface Mount,0.047 (1.20mm),0.126 L x 0.098 W (3.20mm x 2.50mm),,-20°C ~ 70°C,,Abracon LLC,,,
Oscillator,ASE-44.000MHZ-LC-T,oscillators\XO_Crystal_4P_1T3C,44MHz,XO (Standard),,Crystal,19mA,44MHz,±50ppm,Enable/Disable,CMOS,3.3V,CRYSTAL_SC320X250X100-4N,"4-SMD, No Lead",,,,https://abracon.com/Oscillators/ASEseries.pdf,XTAL OSC XO 44.0000MHZ CMOS SMD,Surface Mount,0.047 (1.20mm),0.126 L x 0.098 W (3.20mm x 2.50mm),,-40°C ~ 85°C,,Abracon LLC,,,
Oscillator,ASE-24.000MHZ-ET,oscillators\XO_Crystal_4P_1T3C,24MHz,XO (Standard),,Crystal,13mA,24MHz,±100ppm,Enable/Disable,CMOS,3.3V,CRYSTAL_SC320X250X100-4N,"4-SMD, No Lead",,,,https://abracon.com/Oscillators/ASEseries.pdf,XTAL OSC XO 24.0000MHZ CMOS SMD,Surface Mount,0.047 (1.20mm),0.126 L x 0.098 W (3.20mm x 2.50mm),,-20°C ~ 70°C,,Abracon LLC,,,
Oscillator,ASE-40.000MHZ-ET,oscillators\XO_Crystal_4P_1T3C,40MHz,XO (Standard),,Crystal,13mA,40MHz,±100ppm,Enable/Disable,CMOS,3.3V,CRYSTAL_SC320X250X100-4N,"4-SMD, No Lead",,,,https://abracon.com/Oscillators/ASEseries.pdf,XTAL OSC XO 40.0000MHZ CMOS SMD,Surface Mount,0.047 (1.20mm),0.126 L x 0.098 W (3.20mm x 2.50mm),,-20°C ~ 70°C,,Abracon LLC,,,
Oscillator,ASE-20.000MHZ-ET,oscillators\XO_Crystal_4P_1T3C,20MHz,XO (Standard),,Crystal,7mA,20MHz,±100ppm,Enable/Disable,CMOS,3.3V,CRYSTAL_SC320X250X100-4N,"4-SMD, No Lead",,,,https://abracon.com/Oscillators/ASEseries.pdf,XTAL OSC XO 20.0000MHZ CMOS SMD,Surface Mount,0.047 (1.20mm),0.126 L x 0.098 W (3.20mm x 2.50mm),,-20°C ~ 70°C,,Abracon LLC,,,
Oscillator,ASE-7.3728MHZ-LC-T,oscillators\XO_Crystal_4P_1T3C,7.3728MHz,XO (Standard),,Crystal,7mA,7.3728MHz,±50ppm,Enable/Disable,CMOS,3.3V,CRYSTAL_SC320X250X100-4N,"4-SMD, No Lead",,,,https://abracon.com/Oscillators/ASEseries.pdf,XTAL OSC XO 7.3728MHZ CMOS SMD,Surface Mount,0.047 (1.20mm),0.126 L x 0.098 W (3.20mm x 2.50mm),,-40°C ~ 85°C,,Abracon LLC,,,
Oscillator,ASE-33.333MHZ-LC-T,oscillators\XO_Crystal_4P_1T3C,33.333MHz,XO (Standard),,Crystal,13mA,33.333MHz,±50ppm,Enable/Disable,CMOS,3.3V,CRYSTAL_SC320X250X100-4N,"4-SMD, No Lead",,,,https://abracon.com/Oscillators/ASEseries.pdf,XTAL OSC XO 33.3330MHZ CMOS SMD,Surface Mount,0.047 (1.20mm),0.126 L x 0.098 W (3.20mm x 2.50mm),,-40°C ~ 85°C,,Abracon LLC,,,
Oscillator,ASE-14.7456MHZ-LC-T,oscillators\XO_Crystal_4P_1T3C,14.7456MHz,XO (Standard),,Crystal,7mA,14.7456MHz,±50ppm,Enable/Disable,CMOS,3.3V,CRYSTAL_SC320X250X100-4N,"4-SMD, No Lead",,,,https://abracon.com/Oscillators/ASEseries.pdf,XTAL OSC XO 14.7456MHZ CMOS SMD,Surface Mount,0.047 (1.20mm),0.126 L x 0.098 W (3.20mm x 2.50mm),,-40°C ~ 85°C,,Abracon LLC,,,
Oscillator,ASE-60.000MHZ-LC-T,oscillators\XO_Crystal_4P_1T3C,60MHz,XO (Standard),,Crystal,19mA,60MHz,±50ppm,Enable/Disable,CMOS,3.3V,CRYSTAL_SC320X250X100-4N,"4-SMD, No Lead",,,,https://abracon.com/Oscillators/ASEseries.pdf,XTAL OSC XO 60.0000MHZ CMOS SMD,Surface Mount,0.047 (1.20mm),0.126 L x 0.098 W (3.20mm x 2.50mm),,-40°C ~ 85°C,,Abracon LLC,,,
Oscillator,ASE-50.000MHZ-LR-T,oscillators\XO_Crystal_4P_1T3C,50MHz,XO (Standard),,Crystal,19mA,50MHz,±25ppm,Enable/Disable,CMOS,3.3V,CRYSTAL_SC320X250X100-4N,"4-SMD, No Lead",,,,https://abracon.com/Oscillators/ASEseries.pdf,XTAL OSC XO 50.0000MHZ CMOS SMD,Surface Mount,0.047 (1.20mm),0.126 L x 0.098 W (3.20mm x 2.50mm),,-40°C ~ 85°C,,Abracon LLC,,,
Oscillator,ASE-24.000MHZ-LR-T,oscillators\XO_Crystal_4P_1T3C,24MHz,XO (Standard),,Crystal,13mA,24MHz,±25ppm,Enable/Disable,CMOS,3.3V,CRYSTAL_SC320X250X100-4N,"4-SMD, No Lead",,,,https://abracon.com/Oscillators/ASEseries.pdf,XTAL OSC XO 24.0000MHZ CMOS SMD,Surface Mount,0.047 (1.20mm),0.126 L x 0.098 W (3.20mm x 2.50mm),,-40°C ~ 85°C,,Abracon LLC,,,
Oscillator,ASE-27.000MHZ-LR-T,oscillators\XO_Crystal_4P_1T3C,27MHz,XO (Standard),,Crystal,13mA,27MHz,±25ppm,Enable/Disable,CMOS,3.3V,CRYSTAL_SC320X250X100-4N,"4-SMD, No Lead",,,,https://abracon.com/Oscillators/ASEseries.pdf,XTAL OSC XO 27.0000MHZ CMOS SMD,Surface Mount,0.047 (1.20mm),0.126 L x 0.098 W (3.20mm x 2.50mm),,-40°C ~ 85°C,,Abracon LLC,,,
Oscillator,ASE-24.000MHZ-LC-T,oscillators\XO_Crystal_4P_1T3C,24MHz,XO (Standard),,Crystal,13mA,24MHz,±50ppm,Enable/Disable,CMOS,3.3V,CRYSTAL_SC320X250X100-4N,"4-SMD, No Lead",,,,https://abracon.com/Oscillators/ASEseries.pdf,XTAL OSC XO 24.0000MHZ CMOS SMD,Surface Mount,0.047 (1.20mm),0.126 L x 0.098 W (3.20mm x 2.50mm),,-40°C ~ 85°C,,Abracon LLC,,,
Oscillator,ASE-48.000MHZ-LC-T,oscillators\XO_Crystal_4P_1T3C,48MHz,XO (Standard),,Crystal,19mA,48MHz,±50ppm,Enable/Disable,CMOS,3.3V,CRYSTAL_SC320X250X100-4N,"4-SMD, No Lead",,,,https://abracon.com/Oscillators/ASEseries.pdf,XTAL OSC XO 48.0000MHZ CMOS SMD,Surface Mount,0.047 (1.20mm),0.126 L x 0.098 W (3.20mm x 2.50mm),,-40°C ~ 85°C,,Abracon LLC,,,
Oscillator,ASE-12.000MHZ-LC-T,oscillators\XO_Crystal_4P_1T3C,12MHz,XO (Standard),,Crystal,7mA,12MHz,±50ppm,Enable/Disable,CMOS,3.3V,CRYSTAL_SC320X250X100-4N,"4-SMD, No Lead",,,,https://abracon.com/Oscillators/ASEseries.pdf,XTAL OSC XO 12.0000MHZ CMOS SMD,Surface Mount,0.047 (1.20mm),0.126 L x 0.098 W (3.20mm x 2.50mm),,-40°C ~ 85°C,,Abracon LLC,,,
Oscillator,ASE-24.576MHZ-LC-T,oscillators\XO_Crystal_4P_1T3C,24.576MHz,XO (Standard),,Crystal,13mA,24.576MHz,±50ppm,Enable/Disable,CMOS,3.3V,CRYSTAL_SC320X250X100-4N,"4-SMD, No Lead",,,,https://abracon.com/Oscillators/ASEseries.pdf,XTAL OSC XO 24.5760MHZ CMOS SMD,Surface Mount,0.047 (1.20mm),0.126 L x 0.098 W (3.20mm x 2.50mm),,-40°C ~ 85°C,,Abracon LLC,,,
Oscillator,ASE-32.000MHZ-ET,oscillators\XO_Crystal_4P_1T3C,32MHz,XO (Standard),,Crystal,13mA,32MHz,±100ppm,Enable/Disable,CMOS,3.3V,CRYSTAL_SC320X250X100-4N,"4-SMD, No Lead",,,,https://abracon.com/Oscillators/ASEseries.pdf,XTAL OSC XO 32.0000MHZ CMOS SMD,Surface Mount,0.047 (1.20mm),0.126 L x 0.098 W (3.20mm x 2.50mm),,-20°C ~ 70°C,,Abracon LLC,,,
Oscillator,ASE-50.000MHZ-LC-T,oscillators\XO_Crystal_4P_1T3C,50MHz,XO (Standard),,Crystal,19mA,50MHz,±50ppm,Enable/Disable,CMOS,3.3V,CRYSTAL_SC320X250X100-4N,"4-SMD, No Lead",,,,https://abracon.com/Oscillators/ASEseries.pdf,XTAL OSC XO 50.0000MHZ CMOS SMD,Surface Mount,0.047 (1.20mm),0.126 L x 0.098 W (3.20mm x 2.50mm),,-40°C ~ 85°C,,Abracon LLC,,,
Oscillator,ASE-8.000MHZ-LC-T,oscillators\XO_Crystal_4P_1T3C,8MHz,XO (Standard),,Crystal,7mA,8MHz,±50ppm,Enable/Disable,CMOS,3.3V,CRYSTAL_SC320X250X100-4N,"4-SMD, No Lead",,,,https://abracon.com/Oscillators/ASEseries.pdf,XTAL OSC XO 8.0000MHZ CMOS SMD,Surface Mount,0.047 (1.20mm),0.126 L x 0.098 W (3.20mm x 2.50mm),,-40°C ~ 85°C,,Abracon LLC,,,
Oscillator,ASE-1.8432MHZ-LC-T,oscillators\XO_Crystal_4P_1T3C,1.8432MHz,XO (Standard),,Crystal,7mA,1.8432MHz,±50ppm,Enable/Disable,CMOS,3.3V,CRYSTAL_SC320X250X100-4N,"4-SMD, No Lead",,,,https://abracon.com/Oscillators/ASEseries.pdf,XTAL OSC XO 1.8432MHZ CMOS SMD,Surface Mount,0.047 (1.20mm),0.126 L x 0.098 W (3.20mm x 2.50mm),,-40°C ~ 85°C,,Abracon LLC,,,
Oscillator,ASE-4.000MHZ-LC-T,oscillators\XO_Crystal_4P_1T3C,4MHz,XO (Standard),,Crystal,7mA,4MHz,±50ppm,Enable/Disable,CMOS,3.3V,CRYSTAL_SC320X250X100-4N,"4-SMD, No Lead",,,,https://abracon.com/Oscillators/ASEseries.pdf,XTAL OSC XO 4.0000MHZ CMOS SMD,Surface Mount,0.047 (1.20mm),0.126 L x 0.098 W (3.20mm x 2.50mm),,-40°C ~ 85°C,,Abracon LLC,,,
Oscillator,ASE-25.000MHZ-LC-T,oscillators\XO_Crystal_4P_1T3C,25MHz,XO (Standard),,Crystal,13mA,25MHz,±50ppm,Enable/Disable,CMOS,3.3V,CRYSTAL_SC320X250X100-4N,"4-SMD, No Lead",,,,https://abracon.com/Oscillators/ASEseries.pdf,XTAL OSC XO 25.0000MHZ CMOS SMD,Surface Mount,0.047 (1.20mm),0.126 L x 0.098 W (3.20mm x 2.50mm),,-40°C ~ 85°C,,Abracon LLC,,,
Oscillator,ASE-25.000MHZ-LR-T,oscillators\XO_Crystal_4P_1T3C,25MHz,XO (Standard),,Crystal,13mA,25MHz,±25ppm,Enable/Disable,CMOS,3.3V,CRYSTAL_SC320X250X100-4N,"4-SMD, No Lead",,,,https://abracon.com/Oscillators/ASEseries.pdf,XTAL OSC XO 25.0000MHZ CMOS SMD,Surface Mount,0.047 (1.20mm),0.126 L x 0.098 W (3.20mm x 2.50mm),,-40°C ~ 85°C,,Abracon LLC,,,
Oscillator,ASE-20.000MHZ-LR-T,oscillators\XO_Crystal_4P_1T3C,20MHz,XO (Standard),,Crystal,7mA,20MHz,±25ppm,Enable/Disable,CMOS,3.3V,CRYSTAL_SC320X250X100-4N,"4-SMD, No Lead",,,,https://abracon.com/Oscillators/ASEseries.pdf,XTAL OSC XO 20.0000MHZ CMOS SMD,Surface Mount,0.047 (1.20mm),0.126 L x 0.098 W (3.20mm x 2.50mm),,-40°C ~ 85°C,,Abracon LLC,,,
Oscillator,ASE-40.000MHZ-L-C-T,oscillators\XO_Crystal_4P_1T3C,40MHz,XO (Standard),,Crystal,13mA,40MHz,±50ppm,Enable/Disable,CMOS,3.3V,CRYSTAL_SC320X250X100-4N,"4-SMD, No Lead",,,,https://abracon.com/Oscillators/ASEseries.pdf,XTAL OSC XO 40.0000MHZ CMOS SMD,Surface Mount,0.047 (1.20mm),0.126 L x 0.098 W (3.20mm x 2.50mm),,-40°C ~ 85°C,,Abracon LLC,,,
Oscillator,ASE-12.500MHZ-ET,oscillators\XO_Crystal_4P_1T3C,12.5MHz,XO (Standard),,Crystal,7mA,12.5MHz,±100ppm,Enable/Disable,CMOS,3.3V,CRYSTAL_SC320X250X100-4N,"4-SMD, No Lead",,,,https://abracon.com/Oscillators/ASEseries.pdf,XTAL OSC XO 12.5000MHZ CMOS SMD,Surface Mount,0.047 (1.20mm),0.126 L x 0.098 W (3.20mm x 2.50mm),,-20°C ~ 70°C,,Abracon LLC,,,
Oscillator,ASE-33.333MHZ-ET,oscillators\XO_Crystal_4P_1T3C,33.333MHz,XO (Standard),,Crystal,13mA,33.333MHz,±100ppm,Enable/Disable,CMOS,3.3V,CRYSTAL_SC320X250X100-4N,"4-SMD, No Lead",,,,https://abracon.com/Oscillators/ASEseries.pdf,XTAL OSC XO 33.3330MHZ CMOS SMD,Surface Mount,0.047 (1.20mm),0.126 L x 0.098 W (3.20mm x 2.50mm),,-20°C ~ 70°C,,Abracon LLC,,,
Oscillator,ASE-25.000MHZ-ET,oscillators\XO_Crystal_4P_1T3C,25MHz,XO (Standard),,Crystal,13mA,25MHz,±100ppm,Enable/Disable,CMOS,3.3V,CRYSTAL_SC320X250X100-4N,"4-SMD, No Lead",,,,https://abracon.com/Oscillators/ASEseries.pdf,XTAL OSC XO 25.0000MHZ CMOS SMD,Surface Mount,0.047 (1.20mm),0.126 L x 0.098 W (3.20mm x 2.50mm),,-20°C ~ 70°C,,Abracon LLC,,,
Oscillator,ASE-27.000MHZ-ET,oscillators\XO_Crystal_4P_1T3C,27MHz,XO (Standard),,Crystal,13mA,27MHz,±100ppm,Enable/Disable,CMOS,3.3V,CRYSTAL_SC320X250X100-4N,"4-SMD, No Lead",,,,https://abracon.com/Oscillators/ASEseries.pdf,XTAL OSC XO 27.0000MHZ CMOS SMD,Surface Mount,0.047 (1.20mm),0.126 L x 0.098 W (3.20mm x 2.50mm),,-20°C ~ 70°C,,Abracon LLC,,,
Oscillator,ASE-22.000MHZ-ET,oscillators\XO_Crystal_4P_1T3C,22MHz,XO (Standard),,Crystal,13mA,22MHz,±100ppm,Enable/Disable,CMOS,3.3V,CRYSTAL_SC320X250X100-4N,"4-SMD, No Lead",,,,https://abracon.com/Oscillators/ASEseries.pdf,XTAL OSC XO 22.0000MHZ CMOS SMD,Surface Mount,0.047 (1.20mm),0.126 L x 0.098 W (3.20mm x 2.50mm),,-20°C ~ 70°C,,Abracon LLC,,,
Oscillator,ASE-30.000MHZ-ET,oscillators\XO_Crystal_4P_1T3C,30MHz,XO (Standard),,Crystal,13mA,30MHz,±100ppm,Enable/Disable,CMOS,3.3V,CRYSTAL_SC320X250X100-4N,"4-SMD, No Lead",,,,https://abracon.com/Oscillators/ASEseries.pdf,XTAL OSC XO 30.0000MHZ CMOS SMD,Surface Mount,0.047 (1.20mm),0.126 L x 0.098 W (3.20mm x 2.50mm),,-20°C ~ 70°C,,Abracon LLC,,,
Oscillator,ASE-60.000MHZ-ET,oscillators\XO_Crystal_4P_1T3C,60MHz,XO (Standard),,Crystal,19mA,60MHz,±100ppm,Enable/Disable,CMOS,3.3V,CRYSTAL_SC320X250X100-4N,"4-SMD, No Lead",,,,https://abracon.com/Oscillators/ASEseries.pdf,XTAL OSC XO 60.0000MHZ CMOS SMD,Surface Mount,0.047 (1.20mm),0.126 L x 0.098 W (3.20mm x 2.50mm),,-20°C ~ 70°C,,Abracon LLC,,,
Oscillator,ASE-14.31818MHZ-LC-T,oscillators\XO_Crystal_4P_1T3C,14.31818MHz,XO (Standard),,Crystal,7mA,14.31818MHz,±50ppm,Enable/Disable,CMOS,3.3V,CRYSTAL_SC320X250X100-4N,"4-SMD, No Lead",,,,https://abracon.com/Oscillators/ASEseries.pdf,XTAL OSC XO 14.31818MHZ CMOS SMD,Surface Mount,0.047 (1.20mm),0.126 L x 0.098 W (3.20mm x 2.50mm),,-40°C ~ 85°C,,Abracon LLC,,,
Oscillator,ASE-29.4912MHZ-LC-T,oscillators\XO_Crystal_4P_1T3C,29.4912MHz,XO (Standard),,Crystal,13mA,29.4912MHz,±50ppm,Enable/Disable,CMOS,3.3V,CRYSTAL_SC320X250X100-4N,"4-SMD, No Lead",,,,https://abracon.com/Oscillators/ASEseries.pdf,XTAL OSC XO 29.4912MHZ CMOS SMD,Surface Mount,0.047 (1.20mm),0.126 L x 0.098 W (3.20mm x 2.50mm),,-40°C ~ 85°C,,Abracon LLC,,,
Oscillator,ASE-33.000MHZ-LC-T,oscillators\XO_Crystal_4P_1T3C,33MHz,XO (Standard),,Crystal,13mA,33MHz,±50ppm,Enable/Disable,CMOS,3.3V,CRYSTAL_SC320X250X100-4N,"4-SMD, No Lead",,,,https://abracon.com/Oscillators/ASEseries.pdf,XTAL OSC XO 33.0000MHZ CMOS SMD,Surface Mount,0.047 (1.20mm),0.126 L x 0.098 W (3.20mm x 2.50mm),,-40°C ~ 85°C,,Abracon LLC,,,
Oscillator,ASE-27.000MHZ-LC-T,oscillators\XO_Crystal_4P_1T3C,27MHz,XO (Standard),,Crystal,13mA,27MHz,±50ppm,Enable/Disable,CMOS,3.3V,CRYSTAL_SC320X250X100-4N,"4-SMD, No Lead",,,,https://abracon.com/Oscillators/ASEseries.pdf,XTAL OSC XO 27.0000MHZ CMOS SMD,Surface Mount,0.047 (1.20mm),0.126 L x 0.098 W (3.20mm x 2.50mm),,-40°C ~ 85°C,,Abracon LLC,,,
Oscillator,ASEMB-26.000MHZ-L-T,oscillators\MEMS_Crystal_4P_1S3C,26MHz,XO (Standard),,MEMS,15mA,26MHz,±50ppm,Standby (Power Down),LVCMOS,1.8V ~ 3.3V,CRYSTAL_SC320X250X100-4N,"4-SMD, No Lead",,,,https://abracon.com/Oscillators/ASEMB.pdf,MEMS OSC XO 26.0000MHZ LVCMOS,Surface Mount,0.035 (0.90mm),0.126 L x 0.098 W (3.20mm x 2.50mm),,-40°C ~ 85°C,,Abracon LLC,,,
Oscillator,ASEMB-11.0592MHZ-LC-T,oscillators\MEMS_Crystal_4P_1S3C,11.0592MHz,XO (Standard),,MEMS,16mA,11.0592MHz,±50ppm,Enable/Disable,CMOS,1.8V ~ 3.3V,CRYSTAL_SC320X250X100-4N,"4-SMD, No Lead",,,,https://abracon.com/Oscillators/ASEMB.pdf,MEMS OSC XO 11.0592MHZ CMOS SMD,Surface Mount,0.035 (0.90mm),0.126 L x 0.098 W (3.20mm x 2.50mm),,-40°C ~ 85°C,,Abracon LLC,,,
Oscillator,ASEMB-4.000MHZ-XY-T,oscillators\MEMS_Crystal_4P_1S3C,4MHz,XO (Standard),,MEMS,16mA,4MHz,±10ppm,Standby (Power Down),CMOS,1.8V ~ 3.3V,CRYSTAL_SC320X250X100-4N,"4-SMD, No Lead",,,,https://abracon.com/Oscillators/ASEMB.pdf,MEMS OSC XO 4.0000MHZ CMOS SMD,Surface Mount,0.035 (0.90mm),0.126 L x 0.098 W (3.20mm x 2.50mm),,-40°C ~ 105°C,,Abracon LLC,,,
Oscillator,ASEMB-8.000MHZ-LY-T,oscillators\MEMS_Crystal_4P_1S3C,8MHz,XO (Standard),,MEMS,16mA,8MHz,±10ppm,Standby (Power Down),CMOS,1.8V ~ 3.3V,CRYSTAL_SC320X250X100-4N,"4-SMD, No Lead",,,,https://abracon.com/Oscillators/ASEMB.pdf,MEMS OSC XO 8.0000MHZ CMOS SMD,Surface Mount,0.035 (0.90mm),0.126 L x 0.098 W (3.20mm x 2.50mm),,-40°C ~ 85°C,,Abracon LLC,,,
Oscillator,ASEMB-24.576MHZ-LY-T,oscillators\MEMS_Crystal_4P_1S3C,24.576MHz,XO (Standard),,MEMS,16mA,24.576MHz,±10ppm,Standby (Power Down),CMOS,1.8V ~ 3.3V,CRYSTAL_SC320X250X100-4N,"4-SMD, No Lead",,,,https://abracon.com/Oscillators/ASEMB.pdf,MEMS OSC XO 24.5760MHZ CMOS SMD,Surface Mount,0.035 (0.90mm),0.126 L x 0.098 W (3.20mm x 2.50mm),,-40°C ~ 85°C,,Abracon LLC,,,
Oscillator,ASEMB-8.000MHZ-XY-T,oscillators\MEMS_Crystal_4P_1S3C,8MHz,XO (Standard),,MEMS,16mA,8MHz,±10ppm,Standby (Power Down),CMOS,1.8V ~ 3.3V,CRYSTAL_SC320X250X100-4N,"4-SMD, No Lead",,,,https://abracon.com/Oscillators/ASEMB.pdf,MEMS OSC XO 8.0000MHZ CMOS SMD,Surface Mount,0.035 (0.90mm),0.126 L x 0.098 W (3.20mm x 2.50mm),,-40°C ~ 105°C,,Abracon LLC,,,
Oscillator,ASEMB-16.000MHZ-XY-T,oscillators\MEMS_Crystal_4P_1S3C,16MHz,XO (Standard),,MEMS,16mA,16MHz,±10ppm,Enable/Disable,CMOS,1.8V ~ 3.3V,CRYSTAL_SC320X250X100-4N,"4-SMD, No Lead",,,,https://abracon.com/Oscillators/ASEMB.pdf,MEMS OSC XO 16.0000MHZ CMOS SMD,Surface Mount,0.035 (0.90mm),0.126 L x 0.098 W (3.20mm x 2.50mm),,-40°C ~ 105°C,,Abracon LLC,,,
Oscillator,ASEMB-26.000MHZ-XY-T,oscillators\MEMS_Crystal_4P_1S3C,26MHz,XO (Standard),,MEMS,16mA,26MHz,±10ppm,Standby (Power Down),CMOS,1.8V ~ 3.3V,CRYSTAL_SC320X250X100-4N,"4-SMD, No Lead",,,,https://abracon.com/Oscillators/ASEMB.pdf,MEMS OSC XO 26.0000MHZ CMOS SMD,Surface Mount,0.035 (0.90mm),0.126 L x 0.098 W (3.20mm x 2.50mm),,-40°C ~ 105°C,,Abracon LLC,,,
Oscillator,ASEMB-125.000MHZ-XY-T,oscillators\MEMS_Crystal_4P_1S3C,125MHz,XO (Standard),,MEMS,16mA,125MHz,±10ppm,Standby (Power Down),CMOS,1.8V ~ 3.3V,CRYSTAL_SC320X250X100-4N,"4-SMD, No Lead",,,,https://abracon.com/Oscillators/ASEMB.pdf,MEMS OSC XO 125.0000MHZ CMOS SMD,Surface Mount,0.035 (0.90mm),0.126 L x 0.098 W (3.20mm x 2.50mm),,-40°C ~ 105°C,,Abracon LLC,,,
Oscillator,ASEMB-100.000MHZ-XY-T,oscillators\MEMS_Crystal_4P_1S3C,100MHz,XO (Standard),,MEMS,16mA,100MHz,±10ppm,Standby (Power Down),CMOS,1.8V ~ 3.3V,CRYSTAL_SC320X250X100-4N,"4-SMD, No Lead",,,,https://abracon.com/Oscillators/ASEMB.pdf,MEMS OSC XO 100.0000MHZ CMOS SMD,Surface Mount,0.035 (0.90mm),0.126 L x 0.098 W (3.20mm x 2.50mm),,-40°C ~ 105°C,,Abracon LLC,,,
Oscillator,ASEMB-3.6864MHZ-LC-T,oscillators\MEMS_Crystal_4P_1S3C,3.6864MHz,XO (Standard),,MEMS,16mA,3.6864MHz,±50ppm,Enable/Disable,CMOS,1.8V ~ 3.3V,CRYSTAL_SC320X250X100-4N,"4-SMD, No Lead",,,,https://abracon.com/Oscillators/ASEMB.pdf,MEMS OSC XO 3.6864MHZ CMOS SMD,Surface Mount,0.035 (0.90mm),0.126 L x 0.098 W (3.20mm x 2.50mm),,-40°C ~ 85°C,,Abracon LLC,,,
Oscillator,ASEMB-24.576MHZ-LC-T,oscillators\MEMS_Crystal_4P_1S3C,24.576MHz,XO (Standard),,MEMS,16mA,24.576MHz,±50ppm,Enable/Disable,CMOS,1.8V ~ 3.3V,CRYSTAL_SC320X250X100-4N,"4-SMD, No Lead",,,,https://abracon.com/Oscillators/ASEMB.pdf,MEMS OSC XO 24.5760MHZ CMOS SMD,Surface Mount,0.035 (0.90mm),0.126 L x 0.098 W (3.20mm x 2.50mm),,-40°C ~ 85°C,,Abracon LLC,,,
Oscillator,ASEMB-20.000MHZ-LY-T,oscillators\MEMS_Crystal_4P_1S3C,20MHz,XO (Standard),,MEMS,16mA,20MHz,±10ppm,Standby (Power Down),CMOS,1.8V ~ 3.3V,CRYSTAL_SC320X250X100-4N,"4-SMD, No Lead",,,,https://abracon.com/Oscillators/ASEMB.pdf,MEMS OSC XO 20.0000MHZ CMOS SMD,Surface Mount,0.035 (0.90mm),0.126 L x 0.098 W (3.20mm x 2.50mm),,-40°C ~ 85°C,,Abracon LLC,,,
Oscillator,ASEMB-48.000MHZ-XY-T,oscillators\MEMS_Crystal_4P_1S3C,48MHz,XO (Standard),,MEMS,16mA,48MHz,±10ppm,Standby (Power Down),CMOS,1.8V ~ 3.3V,CRYSTAL_SC320X250X100-4N,"4-SMD, No Lead",,,,https://abracon.com/Oscillators/ASEMB.pdf,MEMS OSC XO 48.0000MHZ CMOS SMD,Surface Mount,0.035 (0.90mm),0.126 L x 0.098 W (3.20mm x 2.50mm),,-40°C ~ 105°C,,Abracon LLC,,,
Oscillator,ASEMB-27.000MHZ-XY-T,oscillators\MEMS_Crystal_4P_1S3C,27MHz,XO (Standard),,MEMS,16mA,27MHz,±10ppm,Standby (Power Down),CMOS,1.8V ~ 3.3V,CRYSTAL_SC320X250X100-4N,"4-SMD, No Lead",,,,https://abracon.com/Oscillators/ASEMB.pdf,MEMS OSC XO 27.0000MHZ CMOS SMD,Surface Mount,0.035 (0.90mm),0.126 L x 0.098 W (3.20mm x 2.50mm),,-40°C ~ 105°C,,Abracon LLC,,,
Oscillator,ASEMB-11.0592MHZ-XY-T,oscillators\MEMS_Crystal_4P_1S3C,11.0592MHz,XO (Standard),,MEMS,16mA,11.0592MHz,±10ppm,Standby (Power Down),CMOS,1.8V ~ 3.3V,CRYSTAL_SC320X250X100-4N,"4-SMD, No Lead",,,,https://abracon.com/Oscillators/ASEMB.pdf,MEMS OSC XO 11.0592MHZ CMOS SMD,Surface Mount,0.035 (0.90mm),0.126 L x 0.098 W (3.20mm x 2.50mm),,-40°C ~ 105°C,,Abracon LLC,,,
Oscillator,ASEMB-32.000MHZ-XY-T,oscillators\MEMS_Crystal_4P_1S3C,32MHz,XO (Standard),,MEMS,16mA,32MHz,±10ppm,Standby (Power Down),CMOS,1.8V ~ 3.3V,CRYSTAL_SC320X250X100-4N,"4-SMD, No Lead",,,,https://abracon.com/Oscillators/ASEMB.pdf,MEMS OSC XO 32.0000MHZ CMOS SMD,Surface Mount,0.035 (0.90mm),0.126 L x 0.098 W (3.20mm x 2.50mm),,-40°C ~ 105°C,,Abracon LLC,,,
Oscillator,ASEMB-80.000MHZ-XY-T,oscillators\MEMS_Crystal_4P_1S3C,80MHz,XO (Standard),,MEMS,16mA,80MHz,±10ppm,Standby (Power Down),CMOS,1.8V ~ 3.3V,CRYSTAL_SC320X250X100-4N,"4-SMD, No Lead",,,,https://abracon.com/Oscillators/ASEMB.pdf,MEMS OSC XO 80.0000MHZ CMOS SMD,Surface Mount,0.035 (0.90mm),0.126 L x 0.098 W (3.20mm x 2.50mm),,-40°C ~ 105°C,,Abracon LLC,,,
Oscillator,ASEMB-4.000MHZ-LC-T,oscillators\MEMS_Crystal_4P_1S3C,4MHz,XO (Standard),,MEMS,16mA,4MHz,±50ppm,Enable/Disable,CMOS,1.8V ~ 3.3V,CRYSTAL_SC320X250X100-4N,"4-SMD, No Lead",,,,https://abracon.com/Oscillators/ASEMB.pdf,MEMS OSC XO 4.0000MHZ CMOS SMD,Surface Mount,0.035 (0.90mm),0.126 L x 0.098 W (3.20mm x 2.50mm),,-40°C ~ 85°C,,Abracon LLC,,,
Oscillator,ASEMB-8.000MHZ-LC-T,oscillators\MEMS_Crystal_4P_1S3C,8MHz,XO (Standard),,MEMS,16mA,8MHz,±50ppm,Enable/Disable,CMOS,1.8V ~ 3.3V,CRYSTAL_SC320X250X100-4N,"4-SMD, No Lead",,,,https://abracon.com/Oscillators/ASEMB.pdf,MEMS OSC XO 8.0000MHZ CMOS SMD,Surface Mount,0.035 (0.90mm),0.126 L x 0.098 W (3.20mm x 2.50mm),,-40°C ~ 85°C,,Abracon LLC,,,
Oscillator,ASEMB-16.000MHZ-LC-T,oscillators\MEMS_Crystal_4P_1S3C,16MHz,XO (Standard),,MEMS,16mA,16MHz,±50ppm,Enable/Disable,CMOS,1.8V ~ 3.3V,CRYSTAL_SC320X250X100-4N,"4-SMD, No Lead",,,,https://abracon.com/Oscillators/ASEMB.pdf,MEMS OSC XO 16.0000MHZ CMOS SMD,Surface Mount,0.035 (0.90mm),0.126 L x 0.098 W (3.20mm x 2.50mm),,-40°C ~ 85°C,,Abracon LLC,,,
Oscillator,ASEMB-74.250MHZ-LR-T,oscillators\MEMS_Crystal_4P_1S3C,74.25MHz,XO (Standard),,MEMS,15mA,74.25MHz,,Standby (Power Down),LVCMOS,1.8V ~ 3.3V,CRYSTAL_SC320X250X100-4N,"4-SMD, No Lead",,,,https://abracon.com/Oscillators/ASEMB.pdf,MEMS OSC XO 74.2500MHZ LVCMOS,Surface Mount,0.035 (0.90mm),0.126 L x 0.098 W (3.20mm x 2.50mm),,-40°C ~ 85°C,,Abracon LLC,,,
Oscillator,ASEMB-24.000MHZ-XY-T,oscillators\MEMS_Crystal_4P_1S3C,24MHz,XO (Standard),,MEMS,16mA,24MHz,±10ppm,Standby (Power Down),CMOS,1.8V ~ 3.3V,CRYSTAL_SC320X250X100-4N,"4-SMD, No Lead",,,,https://abracon.com/Oscillators/ASEMB.pdf,MEMS OSC XO 24.0000MHZ CMOS SMD,Surface Mount,0.035 (0.90mm),0.126 L x 0.098 W (3.20mm x 2.50mm),,-40°C ~ 105°C,,Abracon LLC,,,
Oscillator,ASEMB-33.000MHZ-XY-T,oscillators\MEMS_Crystal_4P_1S3C,33MHz,XO (Standard),,MEMS,16mA,33MHz,±10ppm,Standby (Power Down),CMOS,1.8V ~ 3.3V,CRYSTAL_SC320X250X100-4N,"4-SMD, No Lead",,,,https://abracon.com/Oscillators/ASEMB.pdf,MEMS OSC XO 33.0000MHZ CMOS SMD,Surface Mount,0.035 (0.90mm),0.126 L x 0.098 W (3.20mm x 2.50mm),,-40°C ~ 105°C,,Abracon LLC,,,
Oscillator,ASEMB-10.000MHZ-XY-T,oscillators\MEMS_Crystal_4P_1S3C,10MHz,XO (Standard),,MEMS,16mA,10MHz,±10ppm,Standby (Power Down),CMOS,1.8V ~ 3.3V,CRYSTAL_SC320X250X100-4N,"4-SMD, No Lead",,,,https://abracon.com/Oscillators/ASEMB.pdf,MEMS OSC XO 10.0000MHZ CMOS SMD,Surface Mount,0.035 (0.90mm),0.126 L x 0.098 W (3.20mm x 2.50mm),,-40°C ~ 105°C,,Abracon LLC,,,
Oscillator,ASEMB-19.200MHZ-XY-T,oscillators\MEMS_Crystal_4P_1S3C,19.2MHz,XO (Standard),,MEMS,16mA,19.2MHz,±10ppm,Standby (Power Down),CMOS,1.8V ~ 3.3V,CRYSTAL_SC320X250X100-4N,"4-SMD, No Lead",,,,https://abracon.com/Oscillators/ASEMB.pdf,MEMS OSC XO 19.2000MHZ CMOS SMD,Surface Mount,0.035 (0.90mm),0.126 L x 0.098 W (3.20mm x 2.50mm),,-40°C ~ 105°C,,Abracon LLC,,,
Oscillator,ASEMB-7.3728MHZ-XY-T,oscillators\MEMS_Crystal_4P_1S3C,7.3728MHz,XO (Standard),,MEMS,16mA,7.3728MHz,±10ppm,Standby (Power Down),CMOS,1.8V ~ 3.3V,CRYSTAL_SC320X250X100-4N,"4-SMD, No Lead",,,,https://abracon.com/Oscillators/ASEMB.pdf,MEMS OSC XO 7.3728MHZ CMOS SMD,Surface Mount,0.035 (0.90mm),0.126 L x 0.098 W (3.20mm x 2.50mm),,-40°C ~ 105°C,,Abracon LLC,,,
Oscillator,ASEMB-14.7456MHZ-XY-T,oscillators\MEMS_Crystal_4P_1S3C,14.7456MHz,XO (Standard),,MEMS,16mA,14.7456MHz,±10ppm,Standby (Power Down),CMOS,1.8V ~ 3.3V,CRYSTAL_SC320X250X100-4N,"4-SMD, No Lead",,,,https://abracon.com/Oscillators/ASEMB.pdf,MEMS OSC XO 14.7456MHZ CMOS SMD,Surface Mount,0.035 (0.90mm),0.126 L x 0.098 W (3.20mm x 2.50mm),,-40°C ~ 105°C,,Abracon LLC,,,
Oscillator,ASEMB-33.333MHZ-XY-T,oscillators\MEMS_Crystal_4P_1S3C,33.333MHz,XO (Standard),,MEMS,16mA,33.333MHz,±10ppm,Standby (Power Down),CMOS,1.8V ~ 3.3V,CRYSTAL_SC320X250X100-4N,"4-SMD, No Lead",,,,https://abracon.com/Oscillators/ASEMB.pdf,MEMS OSC XO 33.3330MHZ CMOS SMD,Surface Mount,0.035 (0.90mm),0.126 L x 0.098 W (3.20mm x 2.50mm),,-40°C ~ 105°C,,Abracon LLC,,,
Oscillator,ASEMB-20.000MHZ-XY-T,oscillators\MEMS_Crystal_4P_1S3C,20MHz,XO (Standard),,MEMS,16mA,20MHz,±10ppm,Standby (Power Down),CMOS,1.8V ~ 3.3V,CRYSTAL_SC320X250X100-4N,"4-SMD, No Lead",,,,https://abracon.com/Oscillators/ASEMB.pdf,MEMS OSC XO 20.0000MHZ CMOS SMD,Surface Mount,0.035 (0.90mm),0.126 L x 0.098 W (3.20mm x 2.50mm),,-40°C ~ 105°C,,Abracon LLC,,,
Oscillator,ASEMB-125.000MHZ-LY-T,oscillators\MEMS_Crystal_4P_1S3C,125MHz,XO (Standard),,MEMS,16mA,125MHz,±10ppm,Standby (Power Down),CMOS,1.8V ~ 3.3V,CRYSTAL_SC320X250X100-4N,"4-SMD, No Lead",,,,https://abracon.com/Oscillators/ASEMB.pdf,MEMS OSC XO 125.0000MHZ CMOS SMD,Surface Mount,0.035 (0.90mm),0.126 L x 0.098 W (3.20mm x 2.50mm),,-40°C ~ 85°C,,Abracon LLC,,,
Oscillator,ASEMB-75.000MHZ-XY-T,oscillators\MEMS_Crystal_4P_1S3C,75MHz,XO (Standard),,MEMS,16mA,75MHz,±10ppm,Standby (Power Down),CMOS,1.8V ~ 3.3V,CRYSTAL_SC320X250X100-4N,"4-SMD, No Lead",,,,https://abracon.com/Oscillators/ASEMB.pdf,MEMS OSC XO 75.0000MHZ CMOS SMD,Surface Mount,0.035 (0.90mm),0.126 L x 0.098 W (3.20mm x 2.50mm),,-40°C ~ 105°C,,Abracon LLC,,,
Oscillator,ASEMB-150.000MHZ-XY-T,oscillators\MEMS_Crystal_4P_1S3C,150MHz,XO (Standard),,MEMS,16mA,150MHz,±10ppm,Standby (Power Down),CMOS,1.8V ~ 3.3V,CRYSTAL_SC320X250X100-4N,"4-SMD, No Lead",,,,https://abracon.com/Oscillators/ASEMB.pdf,MEMS OSC XO 150.0000MHZ CMOS SMD,Surface Mount,0.035 (0.90mm),0.126 L x 0.098 W (3.20mm x 2.50mm),,-40°C ~ 105°C,,Abracon LLC,,,
Oscillator,ASEMB-133.333MHZ-XY-T,oscillators\MEMS_Crystal_4P_1S3C,133.333MHz,XO (Standard),,MEMS,16mA,133.333MHz,±10ppm,Standby (Power Down),CMOS,1.8V ~ 3.3V,CRYSTAL_SC320X250X100-4N,"4-SMD, No Lead",,,,https://abracon.com/Oscillators/ASEMB.pdf,MEMS OSC XO 133.3330MHZ CMOS SMD,Surface Mount,0.035 (0.90mm),0.126 L x 0.098 W (3.20mm x 2.50mm),,-40°C ~ 105°C,,Abracon LLC,,,
Oscillator,ASEMB-32.000MHZ-LC-T,oscillators\MEMS_Crystal_4P_1S3C,32MHz,XO (Standard),,MEMS,16mA,32MHz,±50ppm,Enable/Disable,CMOS,1.8V ~ 3.3V,CRYSTAL_SC320X250X100-4N,"4-SMD, No Lead",,,,https://abracon.com/Oscillators/ASEMB.pdf,MEMS OSC XO 32.0000MHZ CMOS SMD,Surface Mount,0.035 (0.90mm),0.126 L x 0.098 W (3.20mm x 2.50mm),,-40°C ~ 85°C,,Abracon LLC,,,
Oscillator,ASEMB-30.000MHZ-LC-T,oscillators\MEMS_Crystal_4P_1S3C,30MHz,XO (Standard),,MEMS,16mA,30MHz,±50ppm,Enable/Disable,CMOS,1.8V ~ 3.3V,CRYSTAL_SC320X250X100-4N,"4-SMD, No Lead",,,,https://abracon.com/Oscillators/ASEMB.pdf,MEMS OSC XO 30.0000MHZ CMOS SMD,Surface Mount,0.035 (0.90mm),0.126 L x 0.098 W (3.20mm x 2.50mm),,-40°C ~ 85°C,,Abracon LLC,,,
Oscillator,ASEMB-19.200MHZ-LC-T,oscillators\MEMS_Crystal_4P_1S3C,19.2MHz,XO (Standard),,MEMS,16mA,19.2MHz,,Standby (Power Down),CMOS,1.8V ~ 3.3V,CRYSTAL_SC320X250X100-4N,"4-SMD, No Lead",,,,https://abracon.com/Oscillators/ASEMB.pdf,MEMS OSC XO 19.2000MHZ CMOS SMD,Surface Mount,0.035 (0.90mm),0.126 L x 0.098 W (3.20mm x 2.50mm),,-40°C ~ 85°C,,Abracon LLC,,,
Oscillator,ASEMB-1.8432MHZ-LC-T,oscillators\MEMS_Crystal_4P_1S3C,1.8432MHz,XO (Standard),,MEMS,16mA,1.8432MHz,±50ppm,Enable/Disable,CMOS,1.8V ~ 3.3V,CRYSTAL_SC320X250X100-4N,"4-SMD, No Lead",,,,https://abracon.com/Oscillators/ASEMB.pdf,MEMS OSC XO 1.8432MHZ CMOS SMD,Surface Mount,0.035 (0.90mm),0.126 L x 0.098 W (3.20mm x 2.50mm),,-40°C ~ 85°C,,Abracon LLC,,,
Oscillator,ASEMB-10.000MHZ-LC-T,oscillators\MEMS_Crystal_4P_1S3C,10MHz,XO (Standard),,MEMS,16mA,10MHz,±50ppm,Enable/Disable,CMOS,1.8V ~ 3.3V,CRYSTAL_SC320X250X100-4N,"4-SMD, No Lead",,,,https://abracon.com/Oscillators/ASEMB.pdf,MEMS OSC XO 10.0000MHZ CMOS SMD,Surface Mount,0.035 (0.90mm),0.126 L x 0.098 W (3.20mm x 2.50mm),,-40°C ~ 85°C,,Abracon LLC,,,
Oscillator,ASEMB-48.000MHZ-LC-T,oscillators\MEMS_Crystal_4P_1S3C,48MHz,XO (Standard),,MEMS,16mA,48MHz,±50ppm,Enable/Disable,CMOS,1.8V ~ 3.3V,CRYSTAL_SC320X250X100-4N,"4-SMD, No Lead",,,,https://abracon.com/Oscillators/ASEMB.pdf,MEMS OSC XO 48.0000MHZ CMOS SMD,Surface Mount,0.035 (0.90mm),0.126 L x 0.098 W (3.20mm x 2.50mm),,-40°C ~ 85°C,,Abracon LLC,,,
Oscillator,ASEMB-50.000MHZ-LC-T,oscillators\MEMS_Crystal_4P_1S3C,50MHz,XO (Standard),,MEMS,16mA,50MHz,±50ppm,Enable/Disable,CMOS,1.8V ~ 3.3V,CRYSTAL_SC320X250X100-4N,"4-SMD, No Lead",,,,https://abracon.com/Oscillators/ASEMB.pdf,MEMS OSC XO 50.0000MHZ CMOS SMD,Surface Mount,0.035 (0.90mm),0.126 L x 0.098 W (3.20mm x 2.50mm),,-40°C ~ 85°C,,Abracon LLC,,,
Oscillator,ASEMB-12.000MHZ-LC-T,oscillators\MEMS_Crystal_4P_1S3C,12MHz,XO (Standard),,MEMS,16mA,12MHz,±50ppm,Enable/Disable,CMOS,1.8V ~ 3.3V,CRYSTAL_SC320X250X100-4N,"4-SMD, No Lead",,,,https://abracon.com/Oscillators/ASEMB.pdf,MEMS OSC XO 12.0000MHZ CMOS SMD,Surface Mount,0.035 (0.90mm),0.126 L x 0.098 W (3.20mm x 2.50mm),,-40°C ~ 85°C,,Abracon LLC,,,
Oscillator,ASEMB-25.000MHZ-LC-T,oscillators\MEMS_Crystal_4P_1S3C,25MHz,XO (Standard),,MEMS,16mA,25MHz,±50ppm,Enable/Disable,CMOS,1.8V ~ 3.3V,CRYSTAL_SC320X250X100-4N,"4-SMD, No Lead",,,,https://abracon.com/Oscillators/ASEMB.pdf,MEMS OSC XO 25.0000MHZ CMOS SMD,Surface Mount,0.035 (0.90mm),0.126 L x 0.098 W (3.20mm x 2.50mm),,-40°C ~ 85°C,,Abracon LLC,,,
Oscillator,ASEMB-24.000MHZ-LC-T,oscillators\MEMS_Crystal_4P_1S3C,24MHz,XO (Standard),,MEMS,16mA,24MHz,±50ppm,Enable/Disable,CMOS,1.8V ~ 3.3V,CRYSTAL_SC320X250X100-4N,"4-SMD, No Lead",,,,https://abracon.com/Oscillators/ASEMB.pdf,MEMS OSC XO 24.0000MHZ CMOS SMD,Surface Mount,0.035 (0.90mm),0.126 L x 0.098 W (3.20mm x 2.50mm),,-40°C ~ 85°C,,Abracon LLC,,,
Oscillator,ASEMB-20.000MHZ-LC-T,oscillators\MEMS_Crystal_4P_1S3C,20MHz,XO (Standard),,MEMS,16mA,20MHz,±50ppm,Enable/Disable,CMOS,1.8V ~ 3.3V,CRYSTAL_SC320X250X100-4N,"4-SMD, No Lead",,,,https://abracon.com/Oscillators/ASEMB.pdf,MEMS OSC XO 20.0000MHZ CMOS SMD,Surface Mount,0.035 (0.90mm),0.126 L x 0.098 W (3.20mm x 2.50mm),,-40°C ~ 85°C,,Abracon LLC,,,
Oscillator,ASEMB-14.7456MHZ-LC-T,oscillators\MEMS_Crystal_4P_1S3C,14.7456MHz,XO (Standard),,MEMS,16mA,14.7456MHz,±50ppm,Enable/Disable,CMOS,1.8V ~ 3.3V,CRYSTAL_SC320X250X100-4N,"4-SMD, No Lead",,,,https://abracon.com/Oscillators/ASEMB.pdf,MEMS OSC XO 14.7456MHZ CMOS SMD,Surface Mount,0.035 (0.90mm),0.126 L x 0.098 W (3.20mm x 2.50mm),,-40°C ~ 85°C,,Abracon LLC,,,
Oscillator,ASEMB-33.000MHZ-LC-T,oscillators\MEMS_Crystal_4P_1S3C,33MHz,XO (Standard),,MEMS,16mA,33MHz,±50ppm,Enable/Disable,CMOS,1.8V ~ 3.3V,CRYSTAL_SC320X250X100-4N,"4-SMD, No Lead",,,,https://abracon.com/Oscillators/ASEMB.pdf,MEMS OSC XO 33.0000MHZ CMOS SMD,Surface Mount,0.035 (0.90mm),0.126 L x 0.098 W (3.20mm x 2.50mm),,-40°C ~ 85°C,,Abracon LLC,,,
Oscillator,ASEMB-27.000MHZ-LC-T,oscillators\MEMS_Crystal_4P_1S3C,27MHz,XO (Standard),,MEMS,16mA,27MHz,±50ppm,Enable/Disable,CMOS,1.8V ~ 3.3V,CRYSTAL_SC320X250X100-4N,"4-SMD, No Lead",,,,https://abracon.com/Oscillators/ASEMB.pdf,MEMS OSC XO 27.0000MHZ CMOS SMD,Surface Mount,0.035 (0.90mm),0.126 L x 0.098 W (3.20mm x 2.50mm),,-40°C ~ 85°C,,Abracon LLC,,,
Oscillator,ASEMB-26.000MHZ-LC-T,oscillators\MEMS_Crystal_4P_1S3C,26MHz,XO (Standard),,MEMS,16mA,26MHz,±50ppm,Standby (Power Down),LVCMOS,1.8V ~ 3.3V,CRYSTAL_SC320X250X100-4N,"4-SMD, No Lead",,,,https://abracon.com/Oscillators/ASEMB.pdf,MEMS OSC XO 26.0000MHZ LVCMOS,Surface Mount,0.035 (0.90mm),0.126 L x 0.098 W (3.20mm x 2.50mm),,-40°C ~ 85°C,,Abracon LLC,,,
Oscillator,ASEMB-26.000MHZ-LY-T,oscillators\MEMS_Crystal_4P_1S3C,26MHz,XO (Standard),,MEMS,16mA,26MHz,±10ppm,Standby (Power Down),CMOS,1.8V ~ 3.3V,CRYSTAL_SC320X250X100-4N,"4-SMD, No Lead",,,,https://abracon.com/Oscillators/ASEMB.pdf,MEMS OSC XO 26.0000MHZ CMOS SMD,Surface Mount,0.035 (0.90mm),0.126 L x 0.098 W (3.20mm x 2.50mm),,-40°C ~ 85°C,,Abracon LLC,,,
Oscillator,ASEMB-25.000MHZ-LY-T,oscillators\MEMS_Crystal_4P_1S3C,25MHz,XO (Standard),,MEMS,16mA,25MHz,±10ppm,Standby (Power Down),CMOS,1.8V ~ 3.3V,CRYSTAL_SC320X250X100-4N,"4-SMD, No Lead",,,,https://abracon.com/Oscillators/ASEMB.pdf,MEMS OSC XO 25.0000MHZ CMOS SMD,Surface Mount,0.035 (0.90mm),0.126 L x 0.098 W (3.20mm x 2.50mm),,-40°C ~ 85°C,,Abracon LLC,,,
Oscillator,ASEMB-24.000MHZ-LY-T,oscillators\MEMS_Crystal_4P_1S3C,24MHz,XO (Standard),,MEMS,16mA,24MHz,±10ppm,Standby (Power Down),CMOS,1.8V ~ 3.3V,CRYSTAL_SC320X250X100-4N,"4-SMD, No Lead",,,,https://abracon.com/Oscillators/ASEMB.pdf,MEMS OSC XO 24.0000MHZ CMOS SMD,Surface Mount,0.035 (0.90mm),0.126 L x 0.098 W (3.20mm x 2.50mm),,-40°C ~ 85°C,,Abracon LLC,,,
Oscillator,ASEMB-12.000MHZ-LY-T,oscillators\MEMS_Crystal_4P_1S3C,12MHz,XO (Standard),,MEMS,16mA,12MHz,±10ppm,Standby (Power Down),CMOS,1.8V ~ 3.3V,CRYSTAL_SC320X250X100-4N,"4-SMD, No Lead",,,,https://abracon.com/Oscillators/ASEMB.pdf,MEMS OSC XO 12.0000MHZ CMOS SMD,Surface Mount,0.035 (0.90mm),0.126 L x 0.098 W (3.20mm x 2.50mm),,-40°C ~ 85°C,,Abracon LLC,,,
Oscillator,ASEMB-50.000MHZ-LY-T,oscillators\MEMS_Crystal_4P_1S3C,50MHz,XO (Standard),,MEMS,16mA,50MHz,±10ppm,Standby (Power Down),CMOS,1.8V ~ 3.3V,CRYSTAL_SC320X250X100-4N,"4-SMD, No Lead",,,,https://abracon.com/Oscillators/ASEMB.pdf,MEMS OSC XO 50.0000MHZ CMOS SMD,Surface Mount,0.035 (0.90mm),0.126 L x 0.098 W (3.20mm x 2.50mm),,-40°C ~ 85°C,,Abracon LLC,,,
Oscillator,ASEMB-12.000MHZ-XY-T,oscillators\MEMS_Crystal_4P_1S3C,12MHz,XO (Standard),,MEMS,16mA,12MHz,±10ppm,Standby (Power Down),CMOS,1.8V ~ 3.3V,CRYSTAL_SC320X250X100-4N,"4-SMD, No Lead",,,,https://abracon.com/Oscillators/ASEMB.pdf,MEMS OSC XO 12.0000MHZ CMOS SMD,Surface Mount,0.035 (0.90mm),0.126 L x 0.098 W (3.20mm x 2.50mm),,-40°C ~ 105°C,,Abracon LLC,,,
Oscillator,ASEMB-25.000MHZ-XY-T,oscillators\MEMS_Crystal_4P_1S3C,25MHz,XO (Standard),,MEMS,16mA,25MHz,±10ppm,Standby (Power Down),CMOS,1.8V ~ 3.3V,CRYSTAL_SC320X250X100-4N,"4-SMD, No Lead",,,,https://abracon.com/Oscillators/ASEMB.pdf,MEMS OSC XO 25.0000MHZ CMOS SMD,Surface Mount,0.035 (0.90mm),0.126 L x 0.098 W (3.20mm x 2.50mm),,-40°C ~ 105°C,,Abracon LLC,,,
Oscillator,ASEMB-50.000MHZ-XY-T,oscillators\MEMS_Crystal_4P_1S3C,50MHz,XO (Standard),,MEMS,16mA,50MHz,±10ppm,Standby (Power Down),CMOS,1.8V ~ 3.3V,CRYSTAL_SC320X250X100-4N,"4-SMD, No Lead",,,,https://abracon.com/Oscillators/ASEMB.pdf,MEMS OSC XO 50.0000MHZ CMOS SMD,Surface Mount,0.035 (0.90mm),0.126 L x 0.098 W (3.20mm x 2.50mm),,-40°C ~ 105°C,,Abracon LLC,,,
Oscillator,ASEMB-100.000MHZ-LY-T,oscillators\MEMS_Crystal_4P_1S3C,100MHz,XO (Standard),,MEMS,16mA,100MHz,±10ppm,Standby (Power Down),CMOS,1.8V ~ 3.3V,CRYSTAL_SC320X250X100-4N,"4-SMD, No Lead",,,,https://abracon.com/Oscillators/ASEMB.pdf,MEMS OSC XO 100.0000MHZ CMOS SMD,Surface Mount,0.035 (0.90mm),0.126 L x 0.098 W (3.20mm x 2.50mm),,-40°C ~ 85°C,,Abracon LLC,,,
Oscillator,ASEMB-16.000MHZ-LY-T,oscillators\MEMS_Crystal_4P_1S3C,16MHz,XO (Standard),,MEMS,16mA,16MHz,±10ppm,Enable/Disable,CMOS,1.8V ~ 3.3V,CRYSTAL_SC320X250X100-4N,"4-SMD, No Lead",,,,https://abracon.com/Oscillators/ASEMB.pdf,MEMS OSC XO 16.0000MHZ CMOS SMD,Surface Mount,0.035 (0.90mm),0.126 L x 0.098 W (3.20mm x 2.50mm),,-40°C ~ 85°C,,Abracon LLC,,,
Oscillator,ASEMB-32.000MHZ-LY-T,oscillators\MEMS_Crystal_4P_1S3C,32MHz,XO (Standard),,MEMS,16mA,32MHz,±10ppm,Standby (Power Down),CMOS,1.8V ~ 3.3V,CRYSTAL_SC320X250X100-4N,"4-SMD, No Lead",,,,https://abracon.com/Oscillators/ASEMB.pdf,MEMS OSC XO 32.0000MHZ CMOS SMD,Surface Mount,0.035 (0.90mm),0.126 L x 0.098 W (3.20mm x 2.50mm),,-40°C ~ 85°C,,Abracon LLC,,,
Oscillator,ASEMB-33.333MHZ-LY-T,oscillators\MEMS_Crystal_4P_1S3C,33.333MHz,XO (Standard),,MEMS,16mA,33.333MHz,±10ppm,Standby (Power Down),CMOS,1.8V ~ 3.3V,CRYSTAL_SC320X250X100-4N,"4-SMD, No Lead",,,,https://abracon.com/Oscillators/ASEMB.pdf,MEMS OSC XO 33.3330MHZ CMOS SMD,Surface Mount,0.035 (0.90mm),0.126 L x 0.098 W (3.20mm x 2.50mm),,-40°C ~ 85°C,,Abracon LLC,,,
Oscillator,ASEMB-14.7456MHZ-LY-T,oscillators\MEMS_Crystal_4P_1S3C,14.7456MHz,XO (Standard),,MEMS,16mA,14.7456MHz,±10ppm,Standby (Power Down),CMOS,1.8V ~ 3.3V,CRYSTAL_SC320X250X100-4N,"4-SMD, No Lead",,,,https://abracon.com/Oscillators/ASEMB.pdf,MEMS OSC XO 14.7456MHZ CMOS SMD,Surface Mount,0.035 (0.90mm),0.126 L x 0.098 W (3.20mm x 2.50mm),,-40°C ~ 85°C,,Abracon LLC,,,
Oscillator,ASEMB-30.000MHZ-LY-T,oscillators\MEMS_Crystal_4P_1S3C,30MHz,XO (Standard),,MEMS,16mA,30MHz,±10ppm,Standby (Power Down),CMOS,1.8V ~ 3.3V,CRYSTAL_SC320X250X100-4N,"4-SMD, No Lead",,,,https://abracon.com/Oscillators/ASEMB.pdf,MEMS OSC XO 30.0000MHZ CMOS SMD,Surface Mount,0.035 (0.90mm),0.126 L x 0.098 W (3.20mm x 2.50mm),,-40°C ~ 85°C,,Abracon LLC,,,
Oscillator,ASEMB-18.432MHZ-LY-T,oscillators\MEMS_Crystal_4P_1S3C,18.432MHz,XO (Standard),,MEMS,16mA,18.432MHz,±10ppm,Standby (Power Down),CMOS,1.8V ~ 3.3V,CRYSTAL_SC320X250X100-4N,"4-SMD, No Lead",,,,https://abracon.com/Oscillators/ASEMB.pdf,MEMS OSC XO 18.4320MHZ CMOS SMD,Surface Mount,0.035 (0.90mm),0.126 L x 0.098 W (3.20mm x 2.50mm),,-40°C ~ 85°C,,Abracon LLC,,,
Oscillator,ASEMB-10.000MHZ-LY-T,oscillators\MEMS_Crystal_4P_1S3C,10MHz,XO (Standard),,MEMS,16mA,10MHz,±10ppm,Standby (Power Down),CMOS,1.8V ~ 3.3V,CRYSTAL_SC320X250X100-4N,"4-SMD, No Lead",,,,https://abracon.com/Oscillators/ASEMB.pdf,MEMS OSC XO 10.0000MHZ CMOS SMD,Surface Mount,0.035 (0.90mm),0.126 L x 0.098 W (3.20mm x 2.50mm),,-40°C ~ 85°C,,Abracon LLC,,,
Oscillator,ASEMB-4.000MHZ-LY-T,oscillators\MEMS_Crystal_4P_1S3C,4MHz,XO (Standard),,MEMS,16mA,4MHz,±10ppm,Standby (Power Down),CMOS,1.8V ~ 3.3V,CRYSTAL_SC320X250X100-4N,"4-SMD, No Lead",,,,https://abracon.com/Oscillators/ASEMB.pdf,MEMS OSC XO 4.0000MHZ CMOS SMD,Surface Mount,0.035 (0.90mm),0.126 L x 0.098 W (3.20mm x 2.50mm),,-40°C ~ 85°C,,Abracon LLC,,,
Oscillator,ASEMB-29.4912MHZ-LY-T,oscillators\MEMS_Crystal_4P_1S3C,29.4912MHz,XO (Standard),,MEMS,16mA,29.4912MHz,±10ppm,Standby (Power Down),CMOS,1.8V ~ 3.3V,CRYSTAL_SC320X250X100-4N,"4-SMD, No Lead",,,,https://abracon.com/Oscillators/ASEMB.pdf,MEMS OSC XO 29.4912MHZ CMOS SMD,Surface Mount,0.035 (0.90mm),0.126 L x 0.098 W (3.20mm x 2.50mm),,-40°C ~ 85°C,,Abracon LLC,,,
Oscillator,ASEMB-19.200MHZ-LY-T,oscillators\MEMS_Crystal_4P_1S3C,19.2MHz,XO (Standard),,MEMS,16mA,19.2MHz,±10ppm,Standby (Power Down),CMOS,1.8V ~ 3.3V,CRYSTAL_SC320X250X100-4N,"4-SMD, No Lead",,,,https://abracon.com/Oscillators/ASEMB.pdf,MEMS OSC XO 19.2000MHZ CMOS SMD,Surface Mount,0.035 (0.90mm),0.126 L x 0.098 W (3.20mm x 2.50mm),,-40°C ~ 85°C,,Abracon LLC,,,
Oscillator,ASEMB-27.000MHZ-LY-T,oscillators\MEMS_Crystal_4P_1S3C,27MHz,XO (Standard),,MEMS,16mA,27MHz,±10ppm,Standby (Power Down),CMOS,1.8V ~ 3.3V,CRYSTAL_SC320X250X100-4N,"4-SMD, No Lead",,,,https://abracon.com/Oscillators/ASEMB.pdf,MEMS OSC XO 27.0000MHZ CMOS SMD,Surface Mount,0.035 (0.90mm),0.126 L x 0.098 W (3.20mm x 2.50mm),,-40°C ~ 85°C,,Abracon LLC,,,
Oscillator,ASEMB-60.000MHZ-LY-T,oscillators\MEMS_Crystal_4P_1S3C,60MHz,XO (Standard),,MEMS,16mA,60MHz,±10ppm,Standby (Power Down),CMOS,1.8V ~ 3.3V,CRYSTAL_SC320X250X100-4N,"4-SMD, No Lead",,,,https://abracon.com/Oscillators/ASEMB.pdf,MEMS OSC XO 60.0000MHZ CMOS SMD,Surface Mount,0.035 (0.90mm),0.126 L x 0.098 W (3.20mm x 2.50mm),,-40°C ~ 85°C,,Abracon LLC,,,
Oscillator,ASEMB-33.000MHZ-LY-T,oscillators\MEMS_Crystal_4P_1S3C,33MHz,XO (Standard),,MEMS,16mA,33MHz,±10ppm,Standby (Power Down),CMOS,1.8V ~ 3.3V,CRYSTAL_SC320X250X100-4N,"4-SMD, No Lead",,,,https://abracon.com/Oscillators/ASEMB.pdf,MEMS OSC XO 33.0000MHZ CMOS SMD,Surface Mount,0.035 (0.90mm),0.126 L x 0.098 W (3.20mm x 2.50mm),,-40°C ~ 85°C,,Abracon LLC,,,
Oscillator,ASEMB-48.000MHZ-LY-T,oscillators\MEMS_Crystal_4P_1S3C,48MHz,XO (Standard),,MEMS,16mA,48MHz,±10ppm,Standby (Power Down),CMOS,1.8V ~ 3.3V,CRYSTAL_SC320X250X100-4N,"4-SMD, No Lead",,,,https://abracon.com/Oscillators/ASEMB.pdf,MEMS OSC XO 48.0000MHZ CMOS SMD,Surface Mount,0.035 (0.90mm),0.126 L x 0.098 W (3.20mm x 2.50mm),,-40°C ~ 85°C,,Abracon LLC,,,
Oscillator,ASEMB-14.31818MHZ-XY-T,oscillators\MEMS_Crystal_4P_1S3C,14.31818MHz,XO (Standard),,MEMS,16mA,14.31818MHz,±10ppm,Standby (Power Down),CMOS,1.8V ~ 3.3V,CRYSTAL_SC320X250X100-4N,"4-SMD, No Lead",,,,https://abracon.com/Oscillators/ASEMB.pdf,MEMS OSC XO 14.31818MHZ CMOS SMD,Surface Mount,0.035 (0.90mm),0.126 L x 0.098 W (3.20mm x 2.50mm),,-40°C ~ 105°C,,Abracon LLC,,,
Oscillator,ASEMB-3.6864MHZ-XY-T,oscillators\MEMS_Crystal_4P_1S3C,3.6864MHz,XO (Standard),,MEMS,16mA,3.6864MHz,±10ppm,Standby (Power Down),CMOS,1.8V ~ 3.3V,CRYSTAL_SC320X250X100-4N,"4-SMD, No Lead",,,,https://abracon.com/Oscillators/ASEMB.pdf,MEMS OSC XO 3.6864MHZ CMOS SMD,Surface Mount,0.035 (0.90mm),0.126 L x 0.098 W (3.20mm x 2.50mm),,-40°C ~ 105°C,,Abracon LLC,,,
Oscillator,ASEMB-30.000MHZ-XY-T,oscillators\MEMS_Crystal_4P_1S3C,30MHz,XO (Standard),,MEMS,16mA,30MHz,±10ppm,Standby (Power Down),CMOS,1.8V ~ 3.3V,CRYSTAL_SC320X250X100-4N,"4-SMD, No Lead",,,,https://abracon.com/Oscillators/ASEMB.pdf,MEMS OSC XO 30.0000MHZ CMOS SMD,Surface Mount,0.035 (0.90mm),0.126 L x 0.098 W (3.20mm x 2.50mm),,-40°C ~ 105°C,,Abracon LLC,,,
Oscillator,ASEMB-150.000MHZ-LY-T,oscillators\MEMS_Crystal_4P_1S3C,150MHz,XO (Standard),,MEMS,16mA,150MHz,±10ppm,Standby (Power Down),CMOS,1.8V ~ 3.3V,CRYSTAL_SC320X250X100-4N,"4-SMD, No Lead",,,,https://abracon.com/Oscillators/ASEMB.pdf,MEMS OSC XO 150.0000MHZ CMOS SMD,Surface Mount,0.035 (0.90mm),0.126 L x 0.098 W (3.20mm x 2.50mm),,-40°C ~ 85°C,,Abracon LLC,,,
Oscillator,ASEMB-80.000MHZ-LY-T,oscillators\MEMS_Crystal_4P_1S3C,80MHz,XO (Standard),,MEMS,16mA,80MHz,±10ppm,Standby (Power Down),CMOS,1.8V ~ 3.3V,CRYSTAL_SC320X250X100-4N,"4-SMD, No Lead",,,,https://abracon.com/Oscillators/ASEMB.pdf,MEMS OSC XO 80.0000MHZ CMOS SMD,Surface Mount,0.035 (0.90mm),0.126 L x 0.098 W (3.20mm x 2.50mm),,-40°C ~ 85°C,,Abracon LLC,,,
Oscillator,ASEMB-133.333MHZ-LY-T,oscillators\MEMS_Crystal_4P_1S3C,133.333MHz,XO (Standard),,MEMS,16mA,133.333MHz,±10ppm,Standby (Power Down),CMOS,1.8V ~ 3.3V,CRYSTAL_SC320X250X100-4N,"4-SMD, No Lead",,,,https://abracon.com/Oscillators/ASEMB.pdf,MEMS OSC XO 133.3330MHZ CMOS SMD,Surface Mount,0.035 (0.90mm),0.126 L x 0.098 W (3.20mm x 2.50mm),,-40°C ~ 85°C,,Abracon LLC,,,
Oscillator,ASEMB-75.000MHZ-LY-T,oscillators\MEMS_Crystal_4P_1S3C,75MHz,XO (Standard),,MEMS,16mA,75MHz,±10ppm,Standby (Power Down),CMOS,1.8V ~ 3.3V,CRYSTAL_SC320X250X100-4N,"4-SMD, No Lead",,,,https://abracon.com/Oscillators/ASEMB.pdf,MEMS OSC XO 75.0000MHZ CMOS SMD,Surface Mount,0.035 (0.90mm),0.126 L x 0.098 W (3.20mm x 2.50mm),,-40°C ~ 85°C,,Abracon LLC,,,
Oscillator,ASTX-11-C-16.369MHZ-I15-T,oscillators\TCXO_Crystal_4P_1G3C,16.369MHz,TCXO,,Crystal,1.5mA,16.369MHz,±1.5ppm,,Clipped Sine Wave,2.5V,CRYSTAL_SC320X250X100-4N,"4-SMD, No Lead",,,,https://abracon.com/Oscillators/ASTX11_ASVTX11.pdf,XTAL OSC TCXO 16.3690MHZ SNWV,Surface Mount,0.039 (1.00mm),0.126 L x 0.098 W (3.20mm x 2.50mm),,-40°C ~ 85°C,,Abracon LLC,,,
Oscillator,ASTX-11-C-16.386MHZ-I15-T,oscillators\TCXO_Crystal_4P_1G3C,16.386MHz,TCXO,,Crystal,1.5mA,16.386MHz,±1.5ppm,,Clipped Sine Wave,2.5V,CRYSTAL_SC320X250X100-4N,"4-SMD, No Lead",,,,https://abracon.com/Oscillators/ASTX11_ASVTX11.pdf,XTAL OSC TCXO 16.3860MHZ SNWV,Surface Mount,0.039 (1.00mm),0.126 L x 0.098 W (3.20mm x 2.50mm),,-40°C ~ 85°C,,Abracon LLC,,,
Oscillator,ASVTX-09-14.400MHZ-T,oscillators\VCTCXO_Crystal_4P_1V3C,14.4MHz,VCTCXO,,Crystal,2mA,14.4MHz,±2.5ppm,,Clipped Sine Wave,3V,"Crystal_ABM3B_SC500X320X110-4N,Crystal_ECS_SC500X320X110-4N","4-SMD, No Lead",,,,https://abracon.com/Oscillators/astx09-asvtx09.pdf,XTAL OSC VCTCXO 14.4000MHZ SNWV,Surface Mount,0.063 (1.60mm),0.197 L x 0.126 W (5.00mm x 3.20mm),,-30°C ~ 75°C,,Abracon LLC,,,
Oscillator,ASVTX-09-16.000MHZ-T,oscillators\VCTCXO_Crystal_4P_1V3C,16MHz,VCTCXO,,Crystal,2mA,16MHz,±2.5ppm,,Clipped Sine Wave,3V,"Crystal_ABM3B_SC500X320X110-4N,Crystal_ECS_SC500X320X110-4N","4-SMD, No Lead",,,,https://abracon.com/Oscillators/ASVTX-09.pdf,XTAL OSC VCTCXO 16.0000MHZ SNWV,Surface Mount,0.063 (1.60mm),0.197 L x 0.126 W (5.00mm x 3.20mm),,-30°C ~ 75°C,,Abracon LLC,,,
Oscillator,ASVTX-09-12.800MHZ-T,oscillators\VCTCXO_Crystal_4P_1V3C,12.8MHz,VCTCXO,,Crystal,2mA,12.8MHz,±2.5ppm,,Clipped Sine Wave,3V,"Crystal_ABM3B_SC500X320X110-4N,Crystal_ECS_SC500X320X110-4N","4-SMD, No Lead",,,,https://abracon.com/Oscillators/ASVTX-09.pdf,XTAL OSC VCTCXO 12.8000MHZ SNWV,Surface Mount,0.063 (1.60mm),0.197 L x 0.126 W (5.00mm x 3.20mm),,-30°C ~ 75°C,,Abracon LLC,,,
Oscillator,ASVTX-09-20.000MHZ-T,oscillators\VCTCXO_Crystal_4P_1V3C,20MHz,VCTCXO,,Crystal,2mA,20MHz,±2.5ppm,,Clipped Sine Wave,3V,"Crystal_ABM3B_SC500X320X110-4N,Crystal_ECS_SC500X320X110-4N","4-SMD, No Lead",,,,https://abracon.com/Oscillators/ASVTX-09.pdf,XTAL OSC VCTCXO 20.0000MHZ SNWV,Surface Mount,0.063 (1.60mm),0.197 L x 0.126 W (5.00mm x 3.20mm),,-30°C ~ 75°C,,Abracon LLC,,,
Oscillator,ASVTX-09-13.00MHZ-T,oscillators\VCTCXO_Crystal_4P_1V3C,13MHz,VCTCXO,,Crystal,2mA,13MHz,±2.5ppm,,Clipped Sine Wave,3V,"Crystal_ABM3B_SC500X320X110-4N,Crystal_ECS_SC500X320X110-4N","4-SMD, No Lead",,,,https://abracon.com/Oscillators/ASVTX-09.pdf,XTAL OSC VCTCXO 13.0000MHZ SNWV,Surface Mount,0.063 (1.60mm),0.197 L x 0.126 W (5.00mm x 3.20mm),,-30°C ~ 75°C,,Abracon LLC,,,
Oscillator,ASVTX-09-16.800MHZ-T,oscillators\VCTCXO_Crystal_4P_1V3C,16.8MHz,VCTCXO,,Crystal,2mA,16.8MHz,±2.5ppm,,Clipped Sine Wave,3V,"Crystal_ABM3B_SC500X320X110-4N,Crystal_ECS_SC500X320X110-4N","4-SMD, No Lead",,,,https://abracon.com/Oscillators/ASVTX-09.pdf,XTAL OSC VCTCXO 16.8000MHZ SNWV,Surface Mount,0.063 (1.60mm),0.197 L x 0.126 W (5.00mm x 3.20mm),,-30°C ~ 75°C,,Abracon LLC,,,
Oscillator,ASVTX-09-19.200MHZ-T,oscillators\VCTCXO_Crystal_4P_1V3C,19.2MHz,VCTCXO,,Crystal,2mA,19.2MHz,±2.5ppm,,Clipped Sine Wave,3V,"Crystal_ABM3B_SC500X320X110-4N,Crystal_ECS_SC500X320X110-4N","4-SMD, No Lead",,,,https://abracon.com/Oscillators/ASVTX-09.pdf,XTAL OSC VCTCXO 19.2000MHZ SNWV,Surface Mount,0.063 (1.60mm),0.197 L x 0.126 W (5.00mm x 3.20mm),,-30°C ~ 75°C,,Abracon LLC,,,
Oscillator,ASVTX-09-26.000MHZ-T,oscillators\VCTCXO_Crystal_4P_1V3C,26MHz,VCTCXO,,Crystal,2mA,26MHz,±2.5ppm,,Clipped Sine Wave,3V,"Crystal_ABM3B_SC500X320X110-4N,Crystal_ECS_SC500X320X110-4N","4-SMD, No Lead",,,,https://abracon.com/Oscillators/ASVTX-09.pdf,XTAL OSC VCTCXO 26.0000MHZ SNWV,Surface Mount,0.063 (1.60mm),0.197 L x 0.126 W (5.00mm x 3.20mm),,-30°C ~ 75°C,,Abracon LLC,,,
Oscillator,ASVTX-11-121-19.200MHZ-T,oscillators\VCTCXO_Crystal_4P_1Vc3C,19.2MHz,VCTCXO,,Crystal,1.8mA,19.2MHz,±2ppm,,Clipped Sine Wave,3.3V,CRYSTAL_SC320X250X100-4N,"4-SMD, No Lead",,,,https://abracon.com/Oscillators/ASVTX-11-121.pdf,XTAL OSC VCTCXO 19.2000MHZ SNWV,Surface Mount,0.035 (0.90mm),0.126 L x 0.098 W (3.20mm x 2.50mm),,-40°C ~ 85°C,,Abracon LLC,,,
Oscillator,ASVTX-11-A-38.400MHZ-T,oscillators\VCTCXO_Crystal_4P_1Vc3C,38.4MHz,VCTCXO,,Crystal,2.5mA,38.4MHz,±2.5ppm,,Clipped Sine Wave,3V,CRYSTAL_SC320X250X100-4N,"6-SMD, No Lead",,,,https://abracon.com/Oscillators/ASTX11_ASVTX11.pdf,XTAL OSC VCTCXO 38.4000MHZ SNWV,Surface Mount,0.039 (1.00mm),0.126 L x 0.098 W (3.20mm x 2.50mm),,-30°C ~ 75°C,,Abracon LLC,,,
Oscillator,ASVTX-11-A-26.000MHZ-T,oscillators\VCTCXO_Crystal_4P_1Vc3C,26MHz,VCTCXO,,Crystal,2mA,26MHz,±2.5ppm,,Clipped Sine Wave,3V,CRYSTAL_SC320X250X100-4N,"6-SMD, No Lead",,,,https://abracon.com/Oscillators/ASTX11_ASVTX11.pdf,XTAL OSC VCTCXO 26.0000MHZ SNWV,Surface Mount,0.039 (1.00mm),0.126 L x 0.098 W (3.20mm x 2.50mm),,-30°C ~ 75°C,,Abracon LLC,,,
Oscillator,ASVTX-11-A-20.000MHZ-T,oscillators\VCTCXO_Crystal_4P_1Vc3C,20MHz,VCTCXO,,Crystal,2mA,20MHz,±2.5ppm,,Clipped Sine Wave,3V,CRYSTAL_SC320X250X100-4N,"6-SMD, No Lead",,,,https://abracon.com/Oscillators/ASTX11_ASVTX11.pdf,XTAL OSC VCTCXO 20.0000MHZ SNWV,Surface Mount,0.039 (1.00mm),0.126 L x 0.098 W (3.20mm x 2.50mm),,-30°C ~ 75°C,,Abracon LLC,,,
Oscillator,FT5HNBPK12.288-T1,oscillators\TCXO_Crystal_3P_3C,12.288MHz,TCXO,,Crystal,6mA,12.288MHz,±2.5ppm,,HCMOS,3.3V,"Crystal_ABM3B_SC500X320X110-4N,Crystal_ECS_SC500X320X110-4N","4-SMD, No Lead",,,,//media.digikey.com/pdf/Data%20Sheets/Fox%20Electronics%20PDFs/FOX924.pdf,XTAL OSC TCXO 12.2880MHZ HCMOS,Surface Mount,0.059 (1.50mm),0.197 L x 0.126 W (5.00mm x 3.20mm),,-30°C ~ 85°C,,Fox Electronics,,,
Oscillator,FT5HNBPK10.0-T1,oscillators\TCXO_Crystal_3P_3C,10MHz,TCXO,,Crystal,6mA,10MHz,±2.5ppm,,HCMOS,3.3V,"Crystal_ABM3B_SC500X320X110-4N,Crystal_ECS_SC500X320X110-4N","4-SMD, No Lead",,,,//media.digikey.com/pdf/Data%20Sheets/Fox%20Electronics%20PDFs/FOX924.pdf,XTAL OSC TCXO 10.0000MHZ HCMOS,Surface Mount,0.059 (1.50mm),0.197 L x 0.126 W (5.00mm x 3.20mm),,-30°C ~ 85°C,,Fox Electronics,,,
Oscillator,FT5HNBPK25.0-T1,oscillators\TCXO_Crystal_3P_3C,25MHz,TCXO,,Crystal,6mA,25MHz,±2.5ppm,,HCMOS,3.3V,"Crystal_ABM3B_SC500X320X110-4N,Crystal_ECS_SC500X320X110-4N","4-SMD, No Lead",,,,//media.digikey.com/pdf/Data%20Sheets/Fox%20Electronics%20PDFs/FOX924.pdf,XTAL OSC TCXO 25.0000MHZ HCMOS,Surface Mount,0.059 (1.50mm),0.197 L x 0.126 W (5.00mm x 3.20mm),,-30°C ~ 85°C,,Fox Electronics,,,
Oscillator,FT5HNBPK12.0-T1,oscillators\TCXO_Crystal_3P_3C,12MHz,TCXO,,Crystal,6mA,12MHz,±2.5ppm,,HCMOS,3.3V,"Crystal_ABM3B_SC500X320X110-4N,Crystal_ECS_SC500X320X110-4N","4-SMD, No Lead",,,,//media.digikey.com/pdf/Data%20Sheets/Fox%20Electronics%20PDFs/FOX924.pdf,XTAL OSC TCXO 12.0000MHZ HCMOS,Surface Mount,0.059 (1.50mm),0.197 L x 0.126 W (5.00mm x 3.20mm),,-30°C ~ 85°C,,Fox Electronics,,,
Oscillator,FT5HNBPK20.0-T1,oscillators\TCXO_Crystal_3P_3C,20MHz,TCXO,,Crystal,6mA,20MHz,±2.5ppm,,HCMOS,3.3V,"Crystal_ABM3B_SC500X320X110-4N,Crystal_ECS_SC500X320X110-4N","4-SMD, No Lead",,,,//media.digikey.com/pdf/Data%20Sheets/Fox%20Electronics%20PDFs/FOX924.pdf,XTAL OSC TCXO 20.0000MHZ HCMOS,Surface Mount,0.059 (1.50mm),0.197 L x 0.126 W (5.00mm x 3.20mm),,-30°C ~ 85°C,,Fox Electronics,,,
Oscillator,FT5HNBPK14.7456-T1,oscillators\TCXO_Crystal_3P_3C,14.7456MHz,TCXO,,Crystal,6mA,14.7456MHz,±2.5ppm,,HCMOS,3.3V,"Crystal_ABM3B_SC500X320X110-4N,Crystal_ECS_SC500X320X110-4N","4-SMD, No Lead",,,,//media.digikey.com/pdf/Data%20Sheets/Fox%20Electronics%20PDFs/FOX924.pdf,XTAL OSC TCXO 14.7456MHZ HCMOS,Surface Mount,0.059 (1.50mm),0.197 L x 0.126 W (5.00mm x 3.20mm),,-30°C ~ 85°C,,Fox Electronics,,,
Oscillator,FT5HNBPK16.0-T1,oscillators\TCXO_Crystal_3P_3C,16MHz,TCXO,,Crystal,6mA,16MHz,±2.5ppm,,HCMOS,3.3V,"Crystal_ABM3B_SC500X320X110-4N,Crystal_ECS_SC500X320X110-4N","4-SMD, No Lead",,,,//media.digikey.com/pdf/Data%20Sheets/Fox%20Electronics%20PDFs/FOX924.pdf,XTAL OSC TCXO 16.0000MHZ HCMOS,Surface Mount,0.059 (1.50mm),0.197 L x 0.126 W (5.00mm x 3.20mm),,-30°C ~ 85°C,,Fox Electronics,,,
Oscillator,FT5HNBPK19.44-T1,oscillators\TCXO_Crystal_3P_3C,19.44MHz,TCXO,,Crystal,6mA,19.44MHz,±2.5ppm,,HCMOS,3.3V,"Crystal_ABM3B_SC500X320X110-4N,Crystal_ECS_SC500X320X110-4N","4-SMD, No Lead",,,,//media.digikey.com/pdf/Data%20Sheets/Fox%20Electronics%20PDFs/FOX924.pdf,XTAL OSC TCXO 19.4400MHZ HCMOS,Surface Mount,0.059 (1.50mm),0.197 L x 0.126 W (5.00mm x 3.20mm),,-30°C ~ 85°C,,Fox Electronics,,,
Oscillator,FT5HNBPK27.0-T1,oscillators\TCXO_Crystal_3P_3C,27MHz,TCXO,,Crystal,6mA,27MHz,±2.5ppm	,,HCMOS,3.3V,"Crystal_ABM3B_SC500X320X110-4N,Crystal_ECS_SC500X320X110-4N","4-SMD, No Lead",,,,//media.digikey.com/pdf/Data%20Sheets/Fox%20Electronics%20PDFs/FOX924.pdf,XTAL OSC TCXO 27.0000MHZ HCMOS,Surface Mount,0.059 (1.50mm),0.197 L x 0.126 W (5.00mm x 3.20mm),,-30°C ~ 85°C,,Fox Electronics,,,
